id,name,country,quality_of_life_index,purchasing_power_index,safety_index,health_care_index,cost_of_living_index,property_price_to_income_ratio,traffic_commute_time_index,pollution_index,climate_index
0,Kabul,Afghanistan,NULL,21.12,21.47,29.06,23.82,14.82,56.17,92.0,NULL
1,Tirana,Albania,90.91,31.24,56.95,48.69,38.10,16.02,39.93,87.82,86.43
2,Algiers,Algeria,78.36,21.75,45.56,54.45,29.91,28.56,56.08,70.38,94.82
3,Constantine,Algeria,91.58,24.92,55.32,40.28,27.61,14.00,55.5,68.82,84.71
4,Jijel,Algeria,NULL,NULL,54.66,43.06,NULL,13.02,20.0,53.45,NULL
5,Oran,Algeria,68.73,21.01,45.78,55.32,28.43,22.22,105.0,58.87,96.35
6,Setif,Algeria,26.16,20.84,39.92,59.26,26.38,94.89,13.5,72.41,80.17
7,Skikda,Algeria,NULL,NULL,86.76,22.22,NULL,NULL,3.0,117.24,NULL
8,Tebessa,Algeria,NULL,NULL,48.53,43.52,NULL,6.67,25.0,22.41,82.86
9,Tiziouzou,Algeria,NULL,NULL,41.2,44.44,NULL,9.22,15.0,95.69,94.76
10,Tlemcen,Algeria,NULL,NULL,43.55,42.82,NULL,21.35,56.67,40.52,89.09
11,Luanda,Angola,52.09,24.50,32.8,38.31,62.70,16.60,56.33,97.55,79.91
12,Saint Johns,Antigua And Barbuda,154.56,62.33,52.53,62.14,76.13,6.92,19.33,24.41,56.94
13,Buenos Aires,Argentina,95.26,27.93,36.92,69.39,35.14,32.34,48.15,52.43,98.28
14,Cordoba,Argentina,NULL,NULL,39.84,70.13,NULL,7.93,33.0,72.3,99.95
15,Mendoza,Argentina,NULL,NULL,31.74,71.83,NULL,21.26,42.67,39.29,87.76
16,Salta,Argentina,NULL,NULL,49.02,91.67,NULL,9.99,20.0,52.5,94.43
17,San Juan,Argentina,126.38,67.23,30.98,63.45,69.68,5.54,37.46,50.83,71.25
18,Tucuman,Argentina,NULL,NULL,19.78,77.78,NULL,NULL,45.0,66.38,NULL
19,Yerevan,Armenia,120.32,30.04,77.9,56.37,33.34,16.78,32.19,57.19,63.42
20,Aruba,Aruba,NULL,NULL,79.12,47.22,NULL,NULL,7.0,13.79,59.66
21,Adelaide,Australia,204.75,103.84,70.82,80.75,75.78,4.37,24.18,18.17,94.96
22,Albury,Australia,NULL,NULL,45.95,80.56,NULL,NULL,11.5,11.18,90.27
23,Bathurst,Australia,NULL,NULL,52.81,97.22,NULL,NULL,11.0,22.01,89.58
24,Brisbane,Australia,190.13,102.54,65.43,82.09,78.33,6.25,39.88,22.66,98.07
25,Buderim,Australia,NULL,NULL,70.31,76.85,NULL,4.07,40.0,11.21,98.28
26,Bundaberg,Australia,NULL,NULL,62.26,91.67,NULL,NULL,40.0,41.7,96.85
27,Cairns,Australia,153.79,74.92,39.11,67.41,77.46,5.68,39.88,28.92,89.82
28,Canberra,Australia,207.21,104.16,77.56,82.17,76.15,5.19,23.91,13.37,82.72
29,Coffs Harbour,Australia,NULL,NULL,64.49,64.81,NULL,NULL,21.67,17.82,97.98
30,Darwin,Australia,161.46,110.76,41.54,56.53,80.82,16.16,24.65,24.08,79.19
31,Denver,Australia,169.22,135.09,54.99,69.41,75.49,3.88,36.24,43.92,56.28
32,Derby,Australia,187.90,124.48,55.66,75.69,70.59,5.72,33.86,29.83,88.79
33,Dubbo,Australia,NULL,NULL,40.08,75.0,NULL,NULL,8.0,22.59,NULL
34,Geraldton,Australia,NULL,NULL,30.64,63.89,NULL,4.36,12.0,24.71,96.15
35,Hobart,Australia,200.41,103.19,67.68,65.07,71.84,4.12,20.78,13.87,90.62
36,Hoppers Crossing,Australia,NULL,NULL,48.41,100.0,NULL,NULL,17.0,22.41,96.09
37,Ipswich,Australia,NULL,NULL,43.76,70.37,NULL,NULL,20.0,46.55,96.30
38,Launceston,Australia,NULL,NULL,57.12,61.81,NULL,5.71,13.33,43.33,87.08
39,Melbourne,Australia,178.17,103.50,56.07,76.37,75.90,8.13,40.51,25.91,94.30
40,Perth,Australia,190.71,113.08,58.09,77.79,77.15,5.45,35.62,23.4,95.71
41,Richmond,Australia,195.31,135.36,54.11,73.86,67.68,4.01,21.96,31.14,81.27
42,Rockhampton,Australia,NULL,NULL,29.64,72.22,NULL,NULL,29.67,20.57,94.43
43,Sydney,Australia,179.81,103.49,66.46,78.62,82.41,10.28,43.55,27.5,97.07
44,Townsville,Australia,NULL,NULL,43.17,76.51,NULL,NULL,18.43,27.54,92.07
45,Dornbirn,Austria,NULL,NULL,92.31,68.06,NULL,9.98,40.0,10.34,NULL
46,Innsbruck,Austria,168.64,66.54,76.32,75.62,76.60,15.08,25.89,23.33,74.57
47,Klagenfurt,Austria,160.11,65.96,56.55,53.47,76.86,9.76,9.0,28.16,74.35
48,Vienna,Austria,181.37,78.04,73.57,78.83,67.09,13.89,26.37,17.44,81.77
49,Villach,Austria,180.39,69.95,71.98,73.53,76.23,7.63,17.39,21.54,75.94
50,Baku,Azerbaijan,103.94,27.95,69.01,44.26,31.49,17.39,37.63,75.84,91.40
51,Freeport,Bahamas,186.89,88.18,83.82,19.44,83.12,1.25,12.5,13.79,80.78
52,George Town,Bahamas,146.34,54.90,67.65,81.54,33.90,8.58,25.0,55.46,58.15
53,Nassau,Bahamas,114.58,46.61,35.62,42.48,86.12,4.36,28.5,60.46,85.98
54,Manama,Bahrain,144.50,62.56,78.59,66.42,54.09,6.21,30.75,61.24,64.31
55,Dhaka,Bangladesh,54.00,23.07,34.92,40.02,35.56,17.43,58.52,93.33,71.29
56,Khulna,Bangladesh,NULL,NULL,48.02,80.56,NULL,NULL,22.5,51.07,NULL
57,Bridgetown,Barbados,NULL,38.50,59.54,66.11,87.60,NULL,36.67,20.69,71.34
58,Christchurch,Barbados,188.43,89.23,60.12,79.94,75.34,4.76,22.43,23.08,88.79
59,Brest,Belarus,98.45,34.50,39.52,26.94,27.69,10.11,28.33,65.34,74.17
60,Brest,Belarus,NULL,NULL,46.1,87.4,NULL,NULL,35.0,28.07,93.14
61,Minsk,Belarus,107.46,31.53,39.65,46.23,32.96,18.82,30.22,41.56,64.37
62,Antwerp,Belgium,155.54,86.30,63.58,80.53,71.15,5.78,38.32,59.1,85.42
63,Brussels,Belgium,143.40,88.63,48.33,74.42,73.53,6.66,37.0,62.13,83.85
64,Belize City,Belize,112.56,28.12,35.35,47.78,61.86,6.72,0.0,67.82,67.93
65,Belmopan,Belize,NULL,NULL,56.62,35.42,NULL,NULL,20.5,44.54,68.24
66,Cotonou,Benin,NULL,NULL,62.71,44.44,NULL,NULL,26.0,87.93,61.89
67,Hamilton,Bermuda,174.55,79.40,68.92,74.78,148.93,6.87,39.62,15.92,91.82
68,Hamilton,Bermuda,141.56,85.02,45.93,80.59,65.36,8.05,33.03,55.35,61.06
69,Thimphu,Bhutan,102.64,19.66,62.57,62.64,42.77,45.13,0.0,60.58,84.68
70,Cochabamba,Bolivia,100.84,38.98,32.29,46.97,32.67,8.11,28.4,80.54,88.74
71,La Paz,Bolivia,77.11,37.06,46.18,45.83,37.54,9.83,59.2,81.66,55.46
72,Santa Cruz,Bolivia,108.49,33.11,38.25,51.11,37.85,10.15,35.6,59.67,81.58
73,Sarajevo,Bosnia And Herzegovina,119.82,44.14,55.93,57.47,37.00,11.68,28.12,68.12,78.18
74,Gaborone,Botswana,93.94,53.84,45.38,60.72,41.65,56.36,28.53,44.1,88.87
75,Americana,Brazil,NULL,NULL,14.22,47.22,NULL,NULL,35.0,79.31,NULL
76,Bauru,Brazil,NULL,NULL,54.83,66.67,NULL,NULL,16.25,44.25,91.76
77,Belem,Brazil,90.01,23.30,22.44,46.28,33.79,12.26,29.25,60.44,64.56
78,Belo Horizonte,Brazil,104.16,20.81,36.22,63.61,31.76,20.78,43.23,52.49,98.50
79,Brasilia,Brazil,139.93,44.77,39.45,51.17,35.94,10.77,29.74,32.89,98.97
80,Campinas,Brazil,125.61,31.94,33.5,60.98,38.62,11.75,27.96,47.5,98.87
81,Campo Grande,Brazil,127.54,18.19,46.59,63.89,31.55,16.88,49.25,24.08,96.36
82,Cuiaba,Brazil,NULL,NULL,35.0,65.28,NULL,9.29,18.0,78.45,82.29
83,Curitiba,Brazil,134.37,30.01,37.86,66.14,30.52,16.10,32.24,31.43,99.60
84,Florianopolis,Brazil,124.08,31.29,47.56,58.31,31.68,15.78,44.76,39.82,97.00
85,Fortaleza,Brazil,83.77,19.98,21.73,49.05,31.85,20.40,45.33,52.85,80.35
86,Foz Do Iguau,Brazil,NULL,NULL,40.44,56.94,NULL,18.04,35.67,17.82,96.86
87,Londrina,Brazil,NULL,NULL,46.56,70.83,NULL,NULL,25.86,29.31,97.01
88,Manaus,Brazil,NULL,NULL,29.16,45.98,NULL,NULL,37.88,79.34,67.93
89,Maringa,Brazil,NULL,NULL,50.36,72.69,NULL,12.50,26.0,11.21,97.27
90,Porto Alegre,Brazil,115.78,35.25,26.35,63.3,31.77,12.94,31.98,56.43,98.74
91,Recife,Brazil,91.68,35.71,23.51,61.94,34.46,11.93,45.79,70.93,79.28
92,Salvador,Brazil,NULL,NULL,24.07,57.81,NULL,NULL,38.35,41.21,82.81
93,Sao Paulo,Brazil,84.00,29.48,29.7,58.35,35.95,17.09,50.54,79.55,99.04
94,Sao Paulo,Brazil,84.00,29.48,29.7,58.35,35.95,17.09,50.54,79.55,99.04
95,Teresina,Brazil,NULL,NULL,23.87,62.78,NULL,19.02,43.0,39.66,52.40
96,Uberlandia,Brazil,NULL,NULL,29.72,57.64,NULL,13.79,24.5,35.78,98.61
97,Vila Velha,Brazil,NULL,NULL,33.97,51.85,NULL,28.12,30.0,60.63,90.28
98,Vitoria,Brazil,124.08,42.13,52.0,67.07,32.26,10.71,42.11,61.09,90.39
99,Bandar Seri Begawan,Brunei,177.07,84.88,72.94,75.89,47.45,3.19,27.62,31.43,56.98
100,Sofia,Bulgaria,124.88,55.53,57.37,57.48,41.03,9.17,30.7,68.59,76.01
101,Varna,Bulgaria,132.34,45.79,63.36,61.79,38.87,8.74,30.85,64.02,85.08
102,Phnom Penh,Cambodia,62.84,14.58,47.03,49.0,50.33,31.79,30.85,80.5,59.43
103,Siem Reap,Cambodia,87.59,8.21,63.74,41.53,47.97,30.63,7.5,69.31,63.63
104,Douala,Cameroon,43.86,13.48,24.77,34.03,42.43,20.35,40.0,94.14,59.46
105,Yaounde,Cameroon,NULL,NULL,52.21,46.76,NULL,9.03,20.0,93.41,88.55
106,Airdrie,Canada,NULL,NULL,62.06,87.5,NULL,5.17,31.0,43.97,NULL
107,Burlington,Canada,199.12,123.73,64.48,70.93,86.87,2.99,25.0,7.93,55.47
108,Calgary,Canada,180.43,120.76,64.69,75.74,70.37,3.50,30.0,24.0,33.09
109,Cambridge,Canada,178.62,92.68,71.06,74.47,72.56,8.73,33.56,32.18,91.37
110,Charlottetown,Canada,171.40,65.41,67.59,55.56,74.11,2.96,18.33,11.15,48.57
111,Edmonton,Canada,169.46,109.68,56.54,78.68,70.79,3.46,29.47,29.37,32.11
112,Fort Mcmurray,Canada,NULL,NULL,40.79,64.26,NULL,3.21,43.08,40.01,6.57
113,Fredericton,Canada,165.29,74.00,68.67,56.89,72.94,2.48,21.08,18.24,33.20
114,Grande Prairie,Canada,150.32,73.87,35.77,79.4,78.98,4.51,17.33,17.89,12.39
115,Halifax,Canada,168.91,87.10,59.3,69.29,73.64,5.05,30.46,22.96,58.99
116,Hamilton,Canada,141.56,85.02,45.93,80.59,65.36,8.05,33.03,55.35,61.06
117,Kanata,Canada,NULL,NULL,24.37,69.44,NULL,6.24,7.0,3.45,45.15
118,Kelowna,Canada,158.66,77.64,46.05,74.93,67.84,6.29,28.93,26.59,59.65
119,London,Canada,132.98,88.61,46.82,70.78,84.52,14.68,43.72,57.91,88.25
120,Maple Ridge,Canada,140.83,85.53,49.3,75.56,73.26,6.42,37.0,41.38,34.74
121,Milton,Canada,NULL,NULL,58.53,90.74,NULL,4.23,30.0,26.01,53.31
122,Mississauga,Canada,165.74,101.51,57.34,69.89,70.08,8.79,38.25,24.2,58.72
123,Montreal,Canada,158.93,93.93,69.64,64.29,68.42,7.68,39.89,33.25,52.37
124,Nelson Bc,Canada,NULL,NULL,66.76,80.56,NULL,6.60,26.67,12.84,71.69
125,North Bay,Canada,NULL,NULL,42.58,68.52,NULL,15.80,13.33,17.67,26.61
126,North Vancouver,Canada,196.13,119.43,79.47,75.23,68.34,8.91,49.62,16.94,91.15
127,Okotoks,Canada,NULL,NULL,83.82,88.89,NULL,NULL,30.0,10.34,NULL
128,Ottawa,Canada,179.45,100.36,73.95,74.56,71.79,5.02,31.15,21.82,44.46
129,Prince Albert,Canada,NULL,NULL,37.35,83.33,NULL,NULL,15.0,33.62,9.08
130,Prince George,Canada,152.36,101.95,34.57,59.72,70.74,2.47,10.0,40.61,36.07
131,Quebec City,Canada,178.92,87.99,84.78,72.76,66.60,4.93,27.53,27.63,47.98
132,Regina,Canada,150.66,104.52,46.59,66.91,68.34,3.96,17.2,39.86,14.28
133,Richmond,Canada,195.31,135.36,54.11,73.86,67.68,4.01,21.96,31.14,81.27
134,Sudbury,Canada,125.29,81.56,40.42,58.33,70.48,6.34,38.12,40.97,26.66
135,Thunder Bay,Canada,135.76,59.60,33.54,64.15,73.72,5.68,17.29,23.39,20.33
136,Toronto,Canada,156.89,101.91,58.86,75.92,72.00,10.52,45.05,37.81,65.35
137,Vancouver,Canada,174.70,92.57,62.78,75.08,73.53,11.64,36.9,25.03,91.15
138,Victoria,Canada,187.35,89.68,63.95,69.88,73.33,7.97,28.47,14.62,92.52
139,Whitehorse,Canada,NULL,NULL,54.97,79.17,NULL,NULL,14.0,12.96,8.79
140,Winnipeg,Canada,147.26,102.23,42.14,68.96,68.85,3.41,31.46,36.73,24.67
141,Woodstock,Canada,NULL,NULL,43.43,66.67,NULL,5.07,8.0,53.45,55.89
142,Yellowknife,Canada,146.33,74.65,47.95,88.74,98.84,4.95,13.4,28.45,-7.50
143,George Town,Cayman Islands,146.34,54.90,67.65,81.54,33.90,8.58,25.0,55.46,58.15
144,Concepcion,Chile,126.96,29.78,50.5,61.38,40.39,16.82,32.67,44.67,96.65
145,La Serena,Chile,NULL,27.80,72.43,61.85,46.96,15.00,39.5,57.47,NULL
146,Puerto Montt,Chile,NULL,NULL,43.98,36.11,NULL,21.25,20.0,68.97,90.28
147,Santiago,Chile,102.05,31.39,42.54,66.23,45.70,18.52,37.18,70.0,90.21
148,Baoji,China,NULL,NULL,88.24,63.89,NULL,NULL,27.0,89.66,NULL
149,Baotou,China,NULL,NULL,97.9,100.0,NULL,11.88,16.11,54.6,NULL
150,Beijing,China,66.59,52.97,66.55,64.4,46.11,50.75,44.61,82.76,57.64
151,Changchun,China,NULL,NULL,73.54,63.89,NULL,8.14,15.0,79.2,23.65
152,Changsha,China,NULL,41.30,79.06,70.37,50.39,13.49,35.0,59.78,NULL
153,Chengdu,China,127.10,54.58,76.8,65.45,43.09,17.94,37.6,72.97,91.18
154,Chongqing,China,115.80,54.97,70.86,53.33,39.26,14.34,52.17,73.7,91.60
155,Dalian,China,133.09,53.41,83.44,76.39,38.46,16.62,30.0,69.48,63.70
156,Fuzhou,China,124.19,42.28,71.42,77.78,41.45,35.05,32.5,49.8,87.28
157,Guizhou,China,NULL,44.15,82.35,80.56,47.66,25.20,50.0,48.85,NULL
158,Hefei,China,152.89,77.83,87.65,80.56,41.53,16.61,15.0,79.21,80.35
159,Jinan,China,105.71,51.59,85.87,52.78,35.70,20.58,50.0,78.04,66.62
160,Nanjing,China,133.73,72.86,87.17,75.35,42.10,23.66,38.0,73.7,80.60
161,Nanning,China,121.01,60.16,77.7,36.11,47.67,19.07,26.5,70.57,83.39
162,Shanghai,China,84.97,54.45,65.43,61.64,53.67,41.56,47.42,77.12,83.64
163,Shenyang,China,105.86,54.89,77.82,77.78,40.98,22.28,20.75,91.78,35.46
164,Shenzhen,China,103.45,68.98,66.97,59.57,51.12,43.79,36.45,62.39,81.80
165,Wuhan,China,112.41,50.06,76.35,71.67,43.59,19.22,37.33,89.43,82.22
166,Xian,China,112.05,54.71,83.15,68.52,38.31,16.12,43.0,93.0,73.90
167,Xiamen,China,98.32,41.10,75.95,74.07,44.05,52.89,60.67,39.5,84.71
168,Zhengzhou,China,102.12,59.15,77.92,77.78,39.45,14.36,65.0,98.35,74.29
169,Barranquilla,Colombia,103.01,28.16,40.36,62.24,28.21,12.25,38.0,55.92,54.07
170,Bogota,Colombia,87.03,26.02,35.1,64.59,27.87,23.40,51.99,70.42,97.12
171,Bucaramanga,Colombia,123.29,30.80,54.86,68.95,23.47,16.51,40.0,56.46,97.37
172,Cali,Colombia,126.27,32.36,31.58,66.81,25.01,13.02,35.88,40.2,93.20
173,Cartagena,Colombia,95.38,29.30,50.68,51.85,29.50,23.81,30.0,58.97,55.95
174,Medellin,Colombia,123.81,34.27,47.97,76.68,28.36,13.34,39.18,63.07,99.76
175,Santa Marta,Colombia,111.35,21.09,55.94,71.3,29.75,22.63,8.0,66.48,61.06
176,Kinshasa,Congo,0.00,14.93,23.14,18.06,109.23,27.09,75.0,115.52,82.84
177,Samara,Costa Rica,102.22,34.83,63.34,45.96,36.44,10.88,41.89,60.1,41.31
178,San Francisco,Costa Rica,156.38,130.21,42.35,65.25,93.55,7.61,51.23,49.24,97.26
179,San Jose,Costa Rica,187.66,156.42,54.42,73.38,74.25,6.37,38.26,45.58,95.53
180,San Juan,Costa Rica,126.38,67.23,30.98,63.45,69.68,5.54,37.46,50.83,71.25
181,Split,Croatia,146.96,38.07,64.6,61.97,53.63,22.02,12.64,35.61,96.26
182,Zagreb,Croatia,159.23,54.36,78.52,64.89,49.90,12.97,31.01,32.49,82.19
183,Havana,Cuba,69.44,1.70,69.79,51.71,57.09,48.82,47.5,57.74,89.86
184,Willemstad,Curacao,103.21,31.00,40.44,50.35,77.16,11.08,17.5,65.07,64.10
185,Ayia Napa,Cyprus,NULL,NULL,39.16,8.33,NULL,8.17,0.0,35.34,94.95
186,Limassol,Cyprus,146.97,54.32,67.37,49.69,64.94,8.12,20.0,53.43,95.74
187,Nicosia,Cyprus,139.14,59.26,68.33,52.17,63.42,6.17,25.74,64.32,86.01
188,Brno,Czech Republic,157.34,64.50,73.7,74.84,46.92,14.71,26.13,43.26,78.17
189,Pardubice,Czech Republic,161.54,60.49,64.96,80.16,44.71,8.92,12.75,49.57,76.82
190,Prague,Czech Republic,161.23,71.02,75.77,74.69,49.42,17.79,32.29,34.42,80.67
191,Aalborg,Denmark,204.40,105.35,75.24,80.87,81.25,6.11,27.11,10.84,81.94
192,Arhus,Denmark,189.91,94.01,78.97,83.8,88.05,6.54,28.88,26.96,81.20
193,Copenhagen,Denmark,184.27,89.77,72.63,77.72,88.24,9.26,28.56,21.89,83.74
194,Esbjerg,Denmark,NULL,NULL,65.25,66.67,NULL,NULL,13.5,5.17,80.25
195,Punta Cana,Dominican Republic,NULL,NULL,55.6,60.19,NULL,8.92,0.0,76.96,72.75
196,Santo Domingo,Dominican Republic,78.89,22.26,31.95,51.42,45.70,14.45,38.0,76.71,67.82
197,Cuenca,Ecuador,144.50,30.43,60.13,82.21,34.28,13.11,35.2,43.91,98.36
198,Guayaquil,Ecuador,96.20,31.12,30.96,52.16,38.90,13.92,34.86,69.14,86.21
199,Loja,Ecuador,NULL,NULL,76.74,81.48,NULL,NULL,20.0,17.24,NULL
200,Quito,Ecuador,108.42,28.85,39.11,67.59,41.12,13.18,42.66,66.1,98.97
201,Santo Domingo,Ecuador,78.89,22.26,31.95,51.42,45.70,14.45,38.0,76.71,67.82
202,Al Jizah,Egypt,NULL,NULL,61.16,34.72,NULL,20.39,60.0,73.28,88.26
203,Aswan,Egypt,NULL,NULL,69.49,38.89,NULL,NULL,9.0,41.38,38.72
204,Cairo,Egypt,81.83,24.41,50.3,44.98,32.18,11.15,50.37,91.51,88.45
205,Dahab,Egypt,NULL,NULL,60.29,91.67,NULL,NULL,10.0,23.56,68.51
206,Hurghada,Egypt,137.63,17.48,66.37,76.85,31.86,9.04,10.0,58.56,68.95
207,Luxor,Egypt,NULL,NULL,56.25,38.89,NULL,13.97,60.0,37.93,47.50
208,Sharm El Sheikh,Egypt,151.21,14.15,70.56,68.89,31.54,11.65,17.0,25.23,68.51
209,San Salvador,El Salvador,73.47,22.95,28.13,51.89,44.30,13.08,44.05,89.8,86.60
210,Tallinn,Estonia,171.98,66.16,77.25,71.72,55.03,9.33,26.74,22.54,64.28
211,Addis Ababa,Ethiopia,69.18,9.82,51.59,52.14,50.45,27.60,55.67,79.79,96.82
212,Bahir Dar,Ethiopia,NULL,NULL,21.32,27.78,NULL,NULL,40.0,58.62,NULL
213,Nadi,Fiji,NULL,NULL,55.88,40.28,NULL,NULL,95.0,53.69,82.11
214,Suva,Fiji,116.53,44.91,46.08,50.38,38.72,12.76,34.82,51.81,71.89
215,Helsinki,Finland,176.32,81.27,74.23,77.2,76.68,13.53,29.65,13.65,62.79
216,Joensuu,Finland,185.13,94.91,74.98,65.05,69.64,4.49,35.0,3.88,45.58
217,Oulu,Finland,184.25,101.03,63.26,74.11,70.06,5.92,18.89,15.81,46.38
218,Rovaniemi,Finland,NULL,NULL,77.39,75.0,NULL,4.18,15.0,6.29,34.01
219,Vaasa,Finland,188.72,90.52,78.5,63.49,70.62,4.94,24.33,10.06,56.23
220,Ajaccio,France,NULL,NULL,79.12,43.06,NULL,8.16,20.0,33.33,94.92
221,Antibes,France,NULL,NULL,80.2,69.44,NULL,8.61,42.0,39.53,94.34
222,Bordeaux,France,163.41,80.41,52.94,83.29,77.57,9.92,31.56,39.27,93.30
223,Brest,France,NULL,NULL,46.1,87.4,NULL,NULL,35.0,28.07,93.14
224,Ivrysurseine,France,NULL,NULL,25.0,72.22,NULL,16.20,32.0,43.1,NULL
225,La Rochelle,France,NULL,NULL,76.41,61.11,NULL,NULL,75.0,10.0,NULL
226,Limoges,France,NULL,NULL,68.68,62.73,NULL,2.29,15.0,1.72,NULL
227,Lyon,France,151.16,83.05,51.2,78.28,77.57,8.78,35.92,50.96,88.51
228,Marseille,France,141.38,91.28,38.45,84.53,74.11,6.05,32.77,73.84,92.70
229,Metz,France,NULL,NULL,52.52,80.56,NULL,6.08,32.5,37.74,83.95
230,Montpellier,France,NULL,NULL,46.91,86.11,NULL,6.17,32.92,42.63,92.22
231,Mulhouse,France,168.47,76.50,43.73,69.44,81.12,4.44,30.0,18.97,85.28
232,Nancy,France,NULL,NULL,70.74,73.61,NULL,6.16,33.33,55.28,84.15
233,Nantes,France,170.68,92.90,41.19,75.86,71.77,8.07,25.93,29.62,91.59
234,Nice,France,141.96,65.79,44.4,87.2,84.11,13.08,40.19,47.32,95.11
235,Paris,France,123.84,78.90,45.17,80.16,83.98,20.08,42.36,63.26,88.39
236,Pau,France,NULL,NULL,62.17,84.72,NULL,4.37,9.0,43.1,NULL
237,Rennes,France,169.90,82.08,47.89,91.11,71.01,8.08,23.25,39.97,90.40
238,Rueilmalmaison,France,NULL,NULL,72.79,83.33,NULL,NULL,42.5,39.08,NULL
239,Strasbourg,France,182.16,93.88,66.67,89.19,75.41,7.54,23.2,38.93,84.71
240,Toulouse,France,168.91,90.40,52.56,84.81,75.76,7.81,30.83,40.91,91.87
241,Versailles,France,211.33,108.38,88.24,88.89,73.99,10.66,19.0,17.24,82.07
242,Papeete,French Polynesia,145.90,36.78,75.37,94.44,94.28,23.26,30.0,36.64,83.50
243,Libreville,Gabon,0.00,18.25,44.63,33.89,61.39,114.39,16.35,80.32,68.21
244,Tbilisi,Georgia,114.99,30.78,75.03,53.34,29.76,12.99,37.57,74.24,84.20
245,Bamberg,Germany,196.68,108.67,73.88,61.11,59.21,6.47,30.75,9.77,78.33
246,Berlin,Germany,169.29,107.97,58.22,69.44,68.55,8.96,33.93,38.68,83.35
247,Cologne,Germany,158.30,87.50,56.44,73.1,68.96,10.19,36.39,40.74,84.85
248,Dessau,Germany,NULL,NULL,51.47,45.83,NULL,2.87,45.0,30.34,NULL
249,Dusseldorf,Germany,180.19,105.12,68.87,73.04,66.88,10.69,30.3,32.66,86.37
250,Frankfurt,Germany,175.16,110.94,56.01,74.85,70.93,11.31,25.01,36.74,84.72
251,Hamburg,Germany,169.94,99.31,56.99,75.18,69.27,11.18,34.69,30.74,82.75
252,Jena,Germany,185.16,94.71,85.03,63.89,68.90,7.66,25.0,30.0,78.77
253,Lbeck,Germany,169.30,82.84,62.66,68.06,67.46,8.32,55.0,11.49,83.53
254,Munich,Germany,180.86,98.96,82.44,77.79,75.65,15.72,32.92,24.96,75.98
255,Passau,Germany,NULL,NULL,71.71,62.5,NULL,7.25,23.0,16.03,NULL
256,Stuttgart,Germany,170.46,108.20,70.96,72.11,67.08,10.01,34.12,45.58,81.07
257,Wolfsburg,Germany,209.13,137.35,70.77,75.0,71.50,4.55,50.0,3.23,82.99
258,Accra,Ghana,22.42,20.03,53.57,61.36,39.99,68.32,49.0,93.65,67.03
259,Kumasi,Ghana,NULL,NULL,62.72,83.33,NULL,NULL,3.0,63.1,74.70
260,Gibraltar,Gibraltar,152.20,88.90,83.62,67.22,67.19,10.56,20.0,70.47,66.59
261,Athens,Greece,117.02,38.85,44.25,56.73,57.46,12.05,38.11,57.33,95.18
262,Chania,Greece,163.37,40.08,80.08,58.33,56.15,9.67,32.43,25.28,96.95
263,Corfu,Greece,155.98,34.83,80.75,42.94,60.69,9.84,20.0,31.66,94.54
264,Crete,Greece,NULL,NULL,81.07,87.78,NULL,NULL,30.0,40.47,96.99
265,Heraklion,Greece,162.21,36.94,75.88,74.18,57.17,13.00,20.0,36.15,97.92
266,Kos,Greece,NULL,NULL,84.09,65.74,NULL,9.46,5.0,9.2,97.18
267,Mytilene,Greece,168.90,39.73,80.88,55.56,58.79,8.28,29.33,18.97,95.44
268,Naousa,Greece,NULL,39.80,74.51,88.89,62.23,33.24,64.0,1.72,NULL
269,Rethymno,Greece,NULL,NULL,80.57,63.47,NULL,14.47,3.0,22.47,97.38
270,Rhodes,Greece,NULL,NULL,74.46,37.04,NULL,13.29,15.6,26.35,96.93
271,Samos,Greece,NULL,NULL,92.65,43.06,NULL,9.23,22.0,10.34,NULL
272,Thessaloniki,Greece,115.45,37.23,46.37,55.79,58.45,11.24,29.19,64.1,88.39
273,Nuuk,Greenland,NULL,NULL,73.86,79.17,NULL,10.78,18.75,59.96,24.01
274,Grenada,Grenada,NULL,NULL,84.95,83.33,NULL,9.79,40.0,35.34,65.33
275,Hagatna,Guam,NULL,NULL,29.51,50.0,NULL,NULL,45.0,23.28,NULL
276,Guatemala City,Guatemala,95.72,25.24,37.26,61.9,44.48,14.26,48.19,72.38,99.89
277,Saint Peter Port,Guernsey,173.77,62.09,73.74,56.94,87.90,10.07,10.0,27.59,94.61
278,St Peter Port,Guernsey,185.91,53.70,86.58,52.78,124.53,9.19,20.0,0.0,94.99
279,Georgetown,Guyana,45.96,18.10,29.24,35.71,48.14,36.75,52.0,66.84,65.81
280,La Paz,Honduras,77.11,37.06,46.18,45.83,37.54,9.83,59.2,81.66,55.46
281,Tegucigalpa,Honduras,95.19,31.13,26.05,45.85,39.85,9.69,22.43,84.92,98.65
282,Hong Kong,Hong Kong,99.02,66.94,78.01,66.26,80.16,46.69,42.56,67.74,83.64
283,Budapest,Hungary,125.17,52.76,64.59,51.24,43.83,14.73,39.0,54.37,78.41
284,Vac,Hungary,NULL,NULL,78.92,50.0,NULL,10.91,13.5,5.17,77.43
285,Rd,Hungary,147.58,61.03,70.1,44.44,39.25,8.97,22.5,47.13,77.71
286,Akureyri,Iceland,184.08,103.79,77.69,65.74,84.59,4.42,18.0,30.23,58.34
287,Reykjavik,Iceland,181.32,73.80,78.01,66.89,96.62,7.24,19.96,15.01,68.81
288,Agartala,India,150.00,49.94,75.49,50.56,24.00,5.27,19.5,50.76,69.93
289,Ahmedabad,India,109.91,37.34,67.35,66.43,25.97,11.10,38.43,73.19,49.27
290,Ajmer,India,NULL,NULL,61.76,48.61,NULL,9.17,7.5,63.22,NULL
291,Allahabad,India,80.46,62.83,61.99,18.98,21.98,7.03,65.0,90.25,55.93
292,Amravati,India,NULL,NULL,46.06,79.17,NULL,18.96,25.0,68.61,59.20
293,Amritsar,India,98.81,39.05,62.7,70.37,24.91,22.96,33.29,86.04,69.46
294,Bangalore,India,128.14,99.48,45.34,66.13,28.01,5.90,52.82,83.18,89.39
295,Belgaum,India,105.67,30.09,46.27,36.57,20.22,14.95,12.25,73.1,83.09
296,Bhilai,India,NULL,49.30,72.17,75.13,20.61,5.52,8.0,65.2,NULL
297,Bhopal,India,120.98,41.10,53.75,53.35,22.99,7.69,33.12,58.97,66.57
298,Bhubaneswar,India,140.94,51.51,66.83,70.97,23.04,8.57,29.08,49.2,50.25
299,Bikaner,India,NULL,33.50,56.86,94.44,23.45,13.72,35.0,49.32,NULL
300,Chennai,India,101.86,45.66,59.72,70.26,25.92,15.53,47.53,75.33,53.22
301,Coimbatore,India,123.43,43.03,60.04,70.76,23.22,10.00,47.5,63.1,78.10
302,Delhi,India,80.09,56.31,40.27,67.18,27.73,17.27,57.37,90.52,58.90
303,Durgapur,India,NULL,55.72,86.76,65.28,21.95,3.69,12.0,77.59,NULL
304,Eluru,India,NULL,NULL,73.53,83.33,NULL,47.92,15.0,58.76,53.76
305,Ernakulam,India,118.97,46.56,76.96,74.49,24.15,11.74,40.75,79.53,58.87
306,Ghaziabad,India,86.18,54.39,39.19,56.81,27.46,6.61,56.67,93.3,65.98
307,Goa,India,121.70,36.00,55.97,61.94,27.88,10.12,46.14,48.47,68.49
308,Gorakhpur,India,NULL,NULL,58.29,47.22,NULL,20.00,62.5,69.18,NULL
309,Gurgaon,India,106.13,72.08,44.32,65.42,34.04,7.48,38.11,91.57,59.87
310,Guwahati,India,112.85,37.38,55.41,64.79,25.84,11.02,30.0,76.61,71.86
311,Gwalior,India,104.36,46.31,52.63,61.81,21.23,7.19,37.0,83.01,53.87
312,Hubli,India,91.62,47.80,39.2,22.78,21.58,6.41,41.67,81.74,83.04
313,Hyderabad,India,116.04,52.02,56.36,65.33,26.32,8.70,42.8,76.29,73.54
314,Imphal,India,NULL,35.88,80.15,68.98,23.46,16.69,25.0,62.01,NULL
315,Indore,India,114.06,39.32,51.18,51.8,24.16,11.34,35.95,61.51,74.26
316,Jabalpur,India,130.31,51.70,56.41,55.56,23.50,6.49,22.5,65.42,68.72
317,Jalandhar,India,91.42,26.79,45.17,64.68,24.60,11.52,44.29,80.51,66.12
318,Jalgaon,India,NULL,NULL,72.79,63.89,NULL,6.80,110.0,74.82,NULL
319,Jammu,India,127.85,58.53,60.09,45.83,21.81,6.45,31.67,66.01,73.61
320,Jodhpur,India,130.73,41.65,70.49,70.09,25.45,8.76,10.0,75.45,52.16
321,Kakinada,India,NULL,NULL,81.39,66.67,NULL,7.51,15.0,42.67,NULL
322,Kanpur,India,92.40,38.88,52.39,65.2,20.62,19.90,31.71,91.03,69.24
323,Kolhapur,India,NULL,NULL,80.53,95.83,NULL,11.46,33.33,56.02,NULL
324,Kolkata,India,89.33,40.59,53.09,57.43,25.64,11.76,60.36,78.33,60.90
325,Kota,India,123.80,55.22,68.72,59.26,22.35,5.34,41.0,69.55,54.26
326,Kurnool,India,NULL,33.84,63.68,71.3,21.42,10.04,27.0,67.11,NULL
327,Lucknow Lakhnau,India,103.95,50.01,50.48,62.09,25.07,8.40,45.93,78.11,59.46
328,Ludhiana,India,NULL,35.50,47.08,67.55,25.00,11.47,21.09,86.11,NULL
329,Malappuram,India,NULL,NULL,62.99,94.44,NULL,NULL,0.0,109.48,NULL
330,Mangalore,India,150.88,43.42,74.69,78.16,23.58,8.49,31.84,45.81,66.65
331,Mumbai,India,72.87,45.83,55.32,65.03,29.17,37.00,54.65,83.58,71.48
332,Nagpur,India,126.51,42.66,62.19,65.45,24.16,8.74,28.72,61.38,55.82
333,Nashik,India,NULL,41.87,77.04,88.89,22.43,10.43,23.8,43.63,NULL
334,Noida,India,96.19,56.74,42.03,66.78,29.08,6.85,44.96,92.43,58.90
335,Palakkad,India,129.95,38.99,56.62,50.0,21.87,9.33,52.0,34.55,79.79
336,Panaji,India,NULL,50.63,62.48,76.85,27.43,9.03,45.0,75.86,NULL
337,Patna,India,95.29,37.17,50.45,54.01,23.70,11.65,27.0,89.2,61.71
338,Pune,India,118.71,55.38,58.13,66.21,27.24,11.78,43.78,71.07,74.32
339,Raipur,India,119.80,63.28,70.12,55.83,24.48,6.91,31.83,87.36,61.82
340,Ranchi,India,113.91,41.02,51.01,44.44,26.69,8.28,38.43,62.31,77.75
341,Shillong,India,NULL,NULL,50.7,66.67,NULL,NULL,38.75,49.56,71.13
342,Shimla,India,NULL,NULL,66.42,71.67,NULL,21.96,95.0,48.98,NULL
343,Silchar,India,NULL,NULL,61.76,47.22,NULL,NULL,50.0,65.52,NULL
344,Siliguri,India,142.30,57.66,59.41,69.44,25.33,5.20,15.0,70.24,71.47
345,Srinagar,India,121.71,50.53,57.2,70.11,23.03,36.78,40.0,36.86,85.53
346,Thiruvananthapuram,India,139.10,74.76,60.17,60.81,20.70,5.66,42.38,56.82,64.78
347,Udupi,India,139.97,39.69,30.88,91.67,23.56,8.37,15.0,48.28,67.19
348,Varanasi,India,81.18,51.22,65.04,72.62,22.96,8.59,98.0,88.45,53.92
349,Vasai,India,NULL,53.36,60.29,47.22,25.73,13.97,20.0,31.9,NULL
350,Visakhapatnam,India,NULL,42.80,62.57,68.67,23.30,7.75,35.39,65.98,NULL
351,Bali,Indonesia,94.18,14.53,51.36,62.16,43.08,15.26,26.62,76.09,64.28
352,Balikpapan,Indonesia,NULL,NULL,74.12,58.33,NULL,NULL,18.5,35.06,59.98
353,Banda Aceh,Indonesia,NULL,NULL,63.75,51.39,NULL,NULL,17.0,25.86,NULL
354,Batam,Indonesia,101.04,19.13,50.53,47.78,36.43,19.60,17.8,60.38,64.23
355,Denpasar,Indonesia,105.68,15.01,71.28,61.85,35.52,18.81,23.89,71.74,64.28
356,Indonesia,Indonesia,NULL,NULL,34.03,36.11,NULL,NULL,25.0,31.32,57.66
357,Jakarta,Indonesia,68.82,25.92,46.28,56.76,41.14,21.81,52.88,84.42,63.76
358,Makassar,Indonesia,105.74,23.34,50.14,64.81,33.80,16.09,43.33,57.59,74.83
359,Malang,Indonesia,145.21,23.64,71.16,65.08,28.32,9.84,30.5,30.39,66.98
360,Medan,Indonesia,87.36,27.84,47.7,60.56,30.57,24.48,30.05,74.25,60.65
361,Padang,Indonesia,NULL,NULL,84.31,30.56,NULL,NULL,27.5,33.62,NULL
362,Pekanbaru,Indonesia,NULL,NULL,66.58,77.78,NULL,NULL,20.0,29.77,60.24
363,Semarang,Indonesia,109.41,16.90,61.09,58.33,34.50,22.98,27.4,49.9,66.53
364,Surabaya,Indonesia,103.57,23.23,66.24,69.29,34.60,26.41,36.79,55.29,55.68
365,Yogyakarta,Indonesia,102.07,12.62,59.91,71.92,30.21,25.54,29.0,61.24,66.55
366,Kerman,Iran,77.59,15.06,61.89,61.11,49.90,57.41,15.0,46.84,51.90
367,Mashhad,Iran,92.80,25.48,52.62,55.32,32.30,22.02,34.75,69.96,70.30
368,Rasht,Iran,NULL,NULL,69.32,69.35,NULL,24.92,52.5,50.56,92.26
369,Shiraz,Iran,105.89,18.99,51.08,66.19,41.91,19.68,29.17,51.68,57.58
370,Tabriz,Iran,77.47,23.22,66.42,40.87,80.37,35.31,31.46,67.24,67.58
371,Tehran,Iran,43.83,14.11,45.11,52.69,32.02,45.15,53.06,81.34,70.99
372,Ad Diwaniyah,Iraq,NULL,NULL,26.47,100.0,NULL,6.51,40.0,63.22,60.51
373,An Najaf,Iraq,NULL,NULL,49.75,75.0,NULL,11.23,28.0,0.0,NULL
374,As Sulaymaniyah,Iraq,NULL,37.66,76.14,51.22,37.67,7.52,22.5,46.73,NULL
375,Baghdad,Iraq,54.09,37.94,37.76,33.12,35.22,12.38,57.17,91.34,36.50
376,Karbala,Iraq,NULL,NULL,52.94,0.0,NULL,9.68,12.5,102.59,43.24
377,Kirkuk,Iraq,NULL,NULL,72.06,66.67,NULL,NULL,10.0,75.0,NULL
378,Cork,Ireland,170.76,83.49,64.49,58.04,75.63,5.59,34.57,26.37,89.78
379,Dublin,Ireland,142.07,80.46,48.29,51.84,78.51,8.35,40.57,40.7,85.89
380,Malahide,Ireland,NULL,NULL,51.11,88.89,NULL,NULL,15.0,27.59,NULL
381,Douglas,Isle Of Man,231.77,138.71,83.42,72.81,72.79,4.41,5.0,16.19,91.32
382,Haifa,Israel,146.91,78.43,72.66,74.27,86.64,8.32,29.7,74.79,93.57
383,Tel Avivyafo,Israel,146.24,69.31,73.84,74.67,94.06,20.37,36.94,46.98,93.88
384,Alba Adriatica,Italy,NULL,NULL,31.99,36.11,NULL,NULL,0.0,53.45,NULL
385,Anzio Rome,Italy,NULL,NULL,68.87,81.48,NULL,5.79,100.0,60.34,94.35
386,Aosta,Italy,NULL,NULL,77.94,94.44,NULL,6.38,32.0,28.74,NULL
387,Bari,Italy,148.17,67.41,48.63,51.08,61.15,7.03,17.43,50.03,95.02
388,Barletta,Italy,NULL,59.48,50.29,69.44,53.77,8.03,58.5,40.46,NULL
389,Bologna,Italy,142.46,62.43,54.39,79.41,68.43,10.15,32.66,56.28,88.12
390,Cagliari,Italy,162.20,57.89,62.97,69.46,65.22,7.26,30.4,34.81,95.89
391,Catania,Italy,116.55,57.11,38.98,59.39,56.86,7.55,40.31,71.21,93.96
392,Chieti,Italy,NULL,NULL,70.59,86.11,NULL,3.88,13.0,35.29,90.36
393,Como,Italy,144.96,56.17,70.78,62.59,78.25,9.63,30.0,50.52,84.60
394,Genoa,Italy,141.45,51.70,58.24,71.72,72.14,8.03,35.04,53.91,95.00
395,Lecce,Italy,168.39,58.73,67.07,75.56,59.54,5.89,19.33,42.78,93.52
396,Matera,Italy,NULL,NULL,77.09,97.22,NULL,7.64,30.0,0.0,91.89
397,Messina,Italy,NULL,NULL,62.87,22.22,NULL,7.48,60.0,47.41,97.52
398,Mestre,Italy,NULL,NULL,38.24,62.04,NULL,4.12,23.0,70.69,NULL
399,Milan,Italy,121.66,55.41,55.94,72.0,73.25,16.12,36.5,67.43,88.12
400,Olbia,Italy,NULL,NULL,52.94,27.78,NULL,7.11,5.0,33.62,94.59
401,Palermo,Italy,133.62,59.35,53.02,61.71,56.94,6.59,33.5,67.24,97.63
402,Pisa,Italy,141.14,51.70,49.29,69.14,68.27,12.68,15.62,53.09,92.61
403,Ragusa,Italy,NULL,58.04,60.05,45.37,55.89,5.62,49.33,68.97,NULL
404,Reggio Di Calabria,Italy,NULL,NULL,56.67,41.81,NULL,3.00,25.5,77.7,96.88
405,Rome,Italy,110.80,51.54,47.2,60.46,71.37,16.70,41.47,66.4,93.70
406,Siracusa,Italy,NULL,NULL,58.14,52.78,NULL,3.61,60.0,68.03,96.89
407,Trieste,Italy,162.43,61.34,75.5,67.2,70.83,7.22,30.5,42.1,92.64
408,Turin,Italy,131.93,67.12,50.13,67.04,64.95,7.22,29.52,70.31,85.66
409,Abidjan,Ivory Coast,18.93,5.97,42.96,38.49,47.84,50.37,42.5,98.46,65.12
410,Cambridge,Jamaica,178.62,92.68,71.06,74.47,72.56,8.73,33.56,32.18,91.37
411,Kingston,Jamaica,76.41,25.23,29.67,51.1,50.61,11.98,55.38,72.11,71.58
412,Negril,Jamaica,NULL,NULL,41.18,30.56,NULL,196.87,23.0,43.1,69.01
413,Ocho Rios,Jamaica,NULL,NULL,67.28,37.5,NULL,NULL,20.0,57.16,NULL
414,Portmore,Jamaica,NULL,NULL,28.41,100.0,NULL,12.70,68.5,70.99,80.74
415,Richmond,Jamaica,195.31,135.36,54.11,73.86,67.68,4.01,21.96,31.14,81.27
416,Fukuoka,Japan,159.61,68.09,82.01,80.0,87.83,10.89,44.5,41.24,86.35
417,Hiroshima,Japan,NULL,NULL,68.64,91.67,NULL,NULL,45.0,25.98,87.10
418,Kanazawa,Japan,NULL,NULL,97.06,77.78,NULL,7.35,30.0,1.72,85.29
419,Kobe,Japan,NULL,NULL,86.22,86.67,NULL,7.40,48.0,26.61,87.20
420,Kyoto,Japan,172.00,73.41,87.86,83.33,76.11,13.05,33.33,38.15,84.41
421,Nagoya,Japan,184.45,52.57,89.57,83.6,82.67,7.25,14.0,31.53,86.22
422,Okinawa,Japan,195.25,89.40,78.61,87.5,74.46,8.77,18.33,24.46,80.64
423,Osaka,Japan,156.51,82.09,67.21,79.72,77.15,11.99,27.33,54.83,84.32
424,Otsu,Japan,NULL,NULL,89.71,63.89,NULL,NULL,30.0,0.0,84.42
425,Sapporo,Japan,NULL,NULL,93.01,100.0,NULL,6.11,51.0,22.84,72.32
426,Sendai,Japan,NULL,NULL,88.36,80.56,NULL,NULL,47.5,12.59,87.62
427,Tokyo,Japan,163.14,89.22,76.3,80.09,86.97,13.15,42.19,42.31,85.26
428,Saint Helier,Jersey,159.99,80.53,74.09,53.28,93.60,11.32,28.75,40.47,94.34
429,Amman,Jordan,113.12,29.82,61.92,65.67,52.41,8.83,42.39,75.68,89.05
430,Aktobe,Kazakhstan,NULL,NULL,44.12,52.78,NULL,10.83,18.0,93.1,27.93
431,Almaty,Kazakhstan,83.00,33.98,34.76,47.59,29.66,11.69,38.98,78.45,58.30
432,Pavlodar,Kazakhstan,NULL,27.25,39.22,86.11,25.00,8.52,30.0,96.55,NULL
433,Kisumu,Kenya,NULL,NULL,89.71,44.44,NULL,NULL,20.0,0.0,97.59
434,Mombasa,Kenya,NULL,NULL,31.87,83.47,NULL,NULL,60.0,73.56,74.35
435,Nairobi,Kenya,81.88,28.44,41.07,61.54,36.21,22.83,56.62,79.72,99.79
436,Pristina,Kosovo Disputed Territory,133.50,48.70,67.83,65.28,25.25,10.76,21.92,71.07,76.84
437,Ardiya,Kuwait,NULL,NULL,94.12,58.33,NULL,NULL,10.0,89.66,20.18
438,Assalimiyah,Kuwait,140.44,74.05,50.0,56.94,53.59,7.50,33.5,22.41,22.79
439,Kuwait City,Kuwait,112.21,68.76,69.2,59.62,48.08,15.75,32.11,65.81,20.22
440,Bishkek,Kyrgyzstan,86.69,21.98,43.06,52.35,25.22,15.89,33.22,73.38,58.11
441,Vientiane,Laos,NULL,NULL,68.59,33.73,NULL,23.94,21.5,81.14,74.16
442,Riga,Latvia,146.58,52.42,62.25,61.22,50.95,8.81,31.86,37.6,74.70
443,Beirut,Lebanon,77.34,15.99,52.88,64.94,113.91,19.41,39.82,93.51,94.74
444,Tripoli,Lebanon,110.13,33.54,36.32,48.17,54.66,11.88,27.44,62.74,96.54
445,Maseru,Lesotho,NULL,NULL,33.4,55.56,NULL,NULL,80.0,66.32,91.79
446,Monrovia,Liberia,102.14,122.27,17.73,38.89,81.18,5.51,30.0,95.69,63.71
447,Benghazi,Libya,114.85,26.79,37.61,50.83,42.24,6.24,18.0,71.26,95.91
448,Tripoli,Libya,110.13,33.54,36.32,48.17,54.66,11.88,27.44,62.74,96.54
449,Kaunas,Lithuania,166.78,64.18,62.27,74.09,43.27,9.12,24.04,25.76,68.94
450,Vilnius,Lithuania,166.31,61.98,72.91,73.01,46.48,11.95,27.68,23.84,66.59
451,Luxembourg,Luxembourg,181.16,104.16,70.25,73.05,82.08,13.01,34.1,21.18,82.62
452,Macao,Macao,132.05,66.96,77.36,49.54,69.43,23.59,16.56,62.47,81.70
453,Taipa,Macao,NULL,NULL,83.92,44.44,NULL,NULL,20.0,107.76,NULL
454,Antananarivo,Madagascar,74.41,16.44,37.83,37.3,30.70,21.43,23.5,94.26,99.27
455,Lilongwe,Malawi,NULL,NULL,49.56,34.72,NULL,NULL,20.34,81.38,98.58
456,Alor Setar,Malaysia,NULL,NULL,60.54,72.22,NULL,NULL,10.0,34.74,58.15
457,Ampang Jaya,Malaysia,NULL,39.98,64.22,72.22,36.41,11.66,30.0,55.17,NULL
458,Bukit Mertajam,Malaysia,NULL,NULL,64.36,77.78,NULL,NULL,23.5,43.97,59.49
459,George Town,Malaysia,146.34,54.90,67.65,81.54,33.90,8.58,25.0,55.46,58.15
460,Johor Bahru,Malaysia,123.21,58.85,43.56,63.64,38.99,7.20,36.44,59.6,64.46
461,Kota Bharu,Malaysia,NULL,NULL,45.74,77.78,NULL,7.08,10.0,46.26,NULL
462,Kota Kinabalu,Malaysia,109.91,45.55,47.3,66.91,38.41,12.04,42.2,61.96,58.69
463,Kuala Lumpur,Malaysia,112.50,66.52,35.92,67.64,38.70,8.82,41.78,66.59,56.55
464,Kuala Terengganu,Malaysia,NULL,NULL,71.11,37.96,NULL,NULL,21.67,60.49,56.86
465,Kuching,Malaysia,122.34,30.95,52.39,78.33,40.44,16.46,26.91,50.0,59.17
466,Miri,Malaysia,137.43,42.09,58.45,66.67,43.99,10.34,24.0,42.8,59.92
467,Penang,Malaysia,145.95,65.52,63.44,77.73,37.50,8.35,31.47,52.49,59.28
468,Sungai Petani,Malaysia,NULL,NULL,48.56,100.0,NULL,NULL,35.0,68.1,59.28
469,Maldives,Maldives,76.51,27.44,35.38,40.59,58.62,17.10,21.75,80.87,58.08
470,Male,Maldives,76.51,27.44,35.38,40.59,58.62,17.10,21.75,80.87,58.08
471,Birkirkara,Malta,114.64,41.63,52.12,59.72,69.72,10.91,16.0,88.22,98.20
472,Bugibba,Malta,NULL,NULL,37.58,72.22,NULL,7.92,25.0,68.62,98.28
473,Gozo,Malta,186.98,45.17,78.33,79.17,57.06,6.89,7.0,27.59,97.70
474,Gzira,Malta,70.27,39.12,42.54,14.68,82.09,15.10,15.0,111.67,98.20
475,Marsascala,Malta,NULL,NULL,73.09,79.17,NULL,15.76,34.0,50.0,98.20
476,Mosta,Malta,158.48,70.30,76.69,87.04,59.22,6.40,32.0,70.4,97.35
477,Msida,Malta,NULL,NULL,31.66,68.06,NULL,10.38,13.0,64.94,98.10
478,San Gwann,Malta,139.61,42.30,65.81,77.78,70.42,14.89,20.0,62.93,97.70
479,Sliema,Malta,122.45,49.16,66.46,60.61,73.99,12.30,23.64,83.48,97.44
480,Valletta,Malta,92.60,30.82,62.62,49.58,86.32,28.23,34.0,74.23,97.44
481,Curepipe,Mauritius,NULL,NULL,58.82,83.33,NULL,4.39,61.0,67.24,88.81
482,Phoenix,Mauritius,158.23,132.84,48.27,67.15,69.42,3.25,32.62,55.98,53.76
483,Port Louis,Mauritius,92.60,24.82,42.06,56.75,45.85,10.45,68.0,62.25,88.41
484,Vacoas,Mauritius,NULL,NULL,62.5,40.97,NULL,4.65,20.0,48.28,88.25
485,Acapulco,Mexico,NULL,NULL,36.41,61.81,NULL,12.03,20.0,75.0,NULL
486,Apodaca,Mexico,NULL,NULL,48.42,53.47,NULL,4.97,45.0,53.45,37.30
487,Cancun,Mexico,142.20,38.30,45.48,76.1,36.78,7.05,27.45,41.61,77.70
488,Chihuahua,Mexico,167.18,69.45,41.22,73.28,33.79,2.38,18.75,32.9,79.66
489,Ciudad Juarez,Mexico,131.67,65.33,32.52,67.22,34.30,9.58,26.0,53.62,72.45
490,Ciudad Del Carmen,Mexico,NULL,NULL,53.82,63.89,NULL,NULL,37.0,57.64,74.38
491,Cozumel,Mexico,158.66,29.45,65.83,72.92,32.87,4.53,10.5,44.25,82.12
492,Culiacan,Mexico,124.74,41.94,29.82,60.42,33.09,6.82,32.75,42.13,70.43
493,Durango,Mexico,154.03,33.93,62.4,68.98,33.12,14.01,15.0,31.53,82.51
494,Ensenada,Mexico,NULL,NULL,64.92,92.76,NULL,9.75,37.0,39.26,96.82
495,Guadalajara,Mexico,122.34,35.17,38.69,79.79,32.53,8.44,40.72,62.82,92.83
496,Hermosillo,Mexico,128.89,37.26,52.46,76.12,38.03,8.74,33.67,45.64,51.33
497,La Paz,Mexico,151.76,29.45,64.74,78.9,41.48,6.59,21.67,39.08,71.02
498,La Paz,Mexico,77.11,37.06,46.18,45.83,37.54,9.83,59.2,81.66,55.46
499,Leon,Mexico,NULL,NULL,31.92,72.64,NULL,4.55,37.67,58.56,37.94
500,Mazatlan,Mexico,147.65,43.94,54.3,81.38,32.58,11.72,10.0,59.41,89.89
501,Merida,Mexico,147.43,34.60,74.5,86.61,33.55,15.52,30.36,39.54,66.32
502,Mexicali,Mexico,104.09,39.24,40.06,71.1,34.19,7.61,34.12,73.45,50.94
503,Mexico City,Mexico,88.37,36.96,30.94,65.29,35.36,14.29,52.05,82.41,92.37
504,Monterrey,Mexico,121.93,42.56,52.33,68.46,36.85,9.11,31.3,70.49,80.37
505,Playa Del Carmen,Mexico,NULL,NULL,49.48,77.78,NULL,11.15,28.33,37.72,82.12
506,Puerto Vallarta,Mexico,134.30,26.65,64.42,88.45,36.35,16.39,22.7,59.96,82.19
507,Puerto Vallarta,Mexico,134.30,26.65,64.42,88.45,36.35,16.39,22.7,59.96,82.19
508,Queretaro,Mexico,162.89,50.07,64.0,77.05,33.72,7.44,32.62,36.49,94.46
509,Saltillo,Mexico,163.03,54.84,60.45,86.39,38.32,5.32,39.4,38.33,92.15
510,San Luis Rio Colorado,Mexico,NULL,NULL,36.22,83.33,NULL,5.11,15.0,28.16,58.44
511,San Pedro Garza Garcia,Mexico,NULL,55.32,81.21,91.67,48.27,6.19,24.61,30.86,NULL
512,Tampico,Mexico,153.62,42.26,56.15,66.11,32.40,7.95,21.75,32.76,78.32
513,Tijuana,Mexico,112.77,36.22,29.23,74.21,35.05,5.62,38.25,73.93,94.58
514,Tlaxcala,Mexico,162.83,39.51,69.61,58.33,35.30,3.78,11.0,43.39,91.86
515,Torreon,Mexico,147.75,49.30,58.64,75.83,32.06,4.98,24.18,53.1,72.17
516,Tulum,Mexico,NULL,NULL,65.84,62.96,NULL,14.38,19.0,36.55,82.05
517,Tuxtla Gutierrez,Mexico,146.70,34.51,53.1,79.86,29.24,10.53,32.0,35.69,82.94
518,Valladolid,Mexico,NULL,NULL,91.91,91.67,NULL,4.72,33.0,11.21,74.48
519,Veracruz,Mexico,NULL,NULL,54.33,75.23,NULL,7.56,12.0,34.14,83.51
520,Villahermosa,Mexico,NULL,NULL,50.5,45.83,NULL,5.05,34.0,51.53,73.07
521,Zacatecas,Mexico,NULL,NULL,30.26,69.44,NULL,6.32,15.0,23.23,85.42
522,Chisinau,Moldova,115.81,33.99,55.15,50.25,32.21,10.93,27.55,64.76,76.91
523,Monaco,Monaco,NULL,NULL,74.32,75.0,NULL,50.05,18.33,77.99,94.90
524,Ulaanbaatar,Mongolia,55.61,25.56,45.46,45.5,34.39,12.30,32.46,93.59,-3.54
525,Budva,Montenegro,162.99,34.44,71.15,76.39,38.41,17.52,20.0,23.16,89.65
526,Kotor,Montenegro,NULL,NULL,88.24,33.33,NULL,15.81,19.0,34.48,89.65
527,Podgorica,Montenegro,128.55,36.00,52.18,42.24,38.74,13.82,14.3,50.18,88.40
528,Tivat,Montenegro,NULL,NULL,66.6,25.0,NULL,18.83,5.0,49.08,89.39
529,Agadir,Morocco,132.88,28.67,62.94,51.68,34.72,19.70,31.0,36.19,96.21
530,Casablanca,Morocco,87.61,32.47,44.53,44.59,35.74,15.72,48.09,82.25,98.08
531,Marrakech,Morocco,106.01,29.55,57.35,44.49,39.69,11.78,15.0,85.25,83.43
532,Nador,Morocco,NULL,NULL,65.69,0.0,NULL,5.16,16.0,59.2,98.44
533,Tangier,Morocco,106.71,33.55,45.07,25.37,36.63,12.03,33.67,59.49,98.39
534,Tetouan,Morocco,137.90,32.14,62.18,33.89,30.75,14.24,20.0,37.5,98.14
535,Maputo,Mozambique,NULL,NULL,40.35,46.99,NULL,22.23,25.0,67.37,94.80
536,Yangon,Myanmar,60.98,9.50,53.81,47.47,40.25,15.44,55.0,91.51,57.78
537,Swakopmund,Namibia,NULL,NULL,40.78,41.67,NULL,NULL,60.0,55.17,97.66
538,Walvis Bay,Namibia,NULL,NULL,37.45,25.0,NULL,3.44,26.0,74.86,98.01
539,Windhoek,Namibia,136.07,38.85,31.07,63.95,37.99,6.15,25.53,39.29,84.97
540,Kathmandu,Nepal,86.13,22.89,63.67,56.76,29.47,23.48,36.87,95.37,92.64
541,Amstelveen,Netherlands,200.11,97.16,84.04,71.3,80.61,6.57,16.6,23.13,87.17
542,Amsterdam,Netherlands,172.73,91.63,66.28,68.85,79.64,10.44,29.72,30.75,87.45
543,Best,Netherlands,NULL,97.87,95.34,88.09,63.97,4.93,15.52,5.58,NULL
544,Beverwijk,Netherlands,NULL,NULL,21.69,88.89,NULL,NULL,0.0,27.59,88.21
545,Eindhoven,Netherlands,188.12,86.89,75.55,72.65,77.65,6.46,25.59,22.37,85.38
546,Goes,Netherlands,NULL,NULL,91.18,50.0,NULL,NULL,10.0,6.9,85.10
547,Rotterdam,Netherlands,170.96,91.08,63.8,76.88,75.46,6.52,30.03,42.5,87.89
548,Noumea,New Caledonia,117.19,60.20,30.11,54.17,97.95,8.35,35.0,59.31,94.73
549,Auckland,New Zealand,165.56,83.10,54.33,73.27,80.24,11.24,37.3,29.31,99.89
550,Cambridge,New Zealand,178.62,92.68,71.06,74.47,72.56,8.73,33.56,32.18,91.37
551,Christchurch,New Zealand,188.43,89.23,60.12,79.94,75.34,4.76,22.43,23.08,88.79
552,Dunedin,New Zealand,NULL,NULL,79.92,71.0,NULL,8.68,21.91,19.16,NULL
553,Hamilton,New Zealand,141.56,85.02,45.93,80.59,65.36,8.05,33.03,55.35,61.06
554,Invercargill,New Zealand,NULL,NULL,49.98,94.44,NULL,3.07,27.5,30.93,NULL
555,Napier,New Zealand,NULL,NULL,28.66,66.67,NULL,7.86,7.5,21.08,NULL
556,New Plymouth,New Zealand,NULL,119.21,60.65,87.04,80.68,NULL,15.67,8.97,NULL
557,Queenstown,New Zealand,NULL,NULL,79.78,72.22,NULL,13.30,15.0,12.07,NULL
558,Wellington,New Zealand,198.24,92.96,70.91,74.96,76.94,6.40,27.74,13.46,97.68
559,Granada,Nicaragua,174.98,81.66,70.86,73.17,51.64,7.62,23.3,40.2,86.55
560,Leon,Nicaragua,NULL,NULL,31.92,72.64,NULL,4.55,37.67,58.56,37.94
561,Managua,Nicaragua,99.52,21.32,49.53,65.78,42.28,11.21,53.83,61.0,68.80
562,Abuja,Nigeria,NULL,NULL,42.85,56.13,NULL,21.82,23.67,57.7,79.42
563,Enugu,Nigeria,NULL,NULL,29.41,58.33,NULL,NULL,0.0,111.38,NULL
564,Lagos,Nigeria,49.49,8.23,34.23,46.04,37.04,12.81,66.78,89.52,60.75
565,Skopje,North Macedonia,103.18,36.70,53.0,55.58,34.70,12.96,28.11,82.77,76.30
566,Alesund,Norway,179.05,80.77,63.63,77.08,99.93,5.13,17.67,27.7,79.56
567,Bergen,Norway,184.87,86.68,72.06,75.66,97.39,7.13,23.77,20.41,78.83
568,Bodo,Norway,194.78,71.56,60.76,94.44,104.35,7.98,5.0,6.9,70.53
569,Fredrikstad,Norway,NULL,NULL,58.95,95.83,NULL,6.99,25.0,27.59,68.61
570,Haugesund,Norway,211.57,110.66,64.0,74.44,88.59,3.30,5.0,10.86,82.30
571,Kristiansand,Norway,181.18,100.84,55.94,75.56,95.88,4.59,41.25,10.2,72.77
572,Kristiansund,Norway,NULL,NULL,47.06,70.83,NULL,3.89,41.33,13.79,77.17
573,Molde,Norway,NULL,NULL,83.8,72.22,NULL,4.16,10.0,20.26,75.62
574,Oslo,Norway,166.01,84.68,65.6,77.99,99.44,10.66,31.21,23.47,59.99
575,Sandnes,Norway,NULL,82.28,52.19,55.79,94.63,6.40,12.0,36.21,NULL
576,Stavanger,Norway,189.13,84.43,75.52,73.34,101.81,7.90,24.22,12.29,79.99
577,Tromso,Norway,175.33,89.54,67.41,83.18,96.06,8.42,32.5,18.73,57.89
578,Trondheim,Norway,191.07,83.79,79.84,81.82,96.67,8.93,24.47,9.74,66.68
579,Muscat,Oman,175.63,85.90,78.91,59.41,51.04,4.64,20.8,36.31,67.22
580,Salalah,Oman,NULL,NULL,83.04,44.44,NULL,NULL,21.67,36.64,81.92
581,Sohar,Oman,NULL,NULL,85.29,56.48,NULL,13.91,90.0,33.33,64.84
582,Bahawalpur,Pakistan,NULL,NULL,78.19,75.0,NULL,4.42,12.0,35.52,50.20
583,Hyderabad,Pakistan,116.04,52.02,56.36,65.33,26.32,8.70,42.8,76.29,73.54
584,Islamabad,Pakistan,141.75,30.76,70.8,63.81,21.29,9.66,35.05,41.71,76.91
585,Karachi,Pakistan,84.16,30.08,46.64,56.9,20.78,14.92,41.48,89.97,71.32
586,Lahore,Pakistan,102.29,24.48,61.09,63.0,21.33,14.30,33.78,78.68,67.56
587,Multan,Pakistan,112.41,25.49,62.95,60.13,18.44,8.40,16.5,79.23,54.02
588,Quetta,Pakistan,79.10,32.36,43.05,51.39,17.79,28.36,16.67,91.24,70.13
589,Gaza,Palestine,103.27,22.22,55.36,44.44,48.99,10.27,19.0,84.09,88.97
590,Ramallah,Palestine,158.76,36.35,70.09,74.54,65.39,4.98,29.0,39.66,95.46
591,David,Panama,131.65,40.35,62.71,78.8,45.37,8.54,66.5,34.83,66.56
592,Panama City,Panama,108.20,32.58,52.25,59.63,54.71,11.68,34.61,64.47,67.84
593,Santiago,Panama,102.05,31.39,42.54,66.23,45.70,18.52,37.18,70.0,90.21
594,Port Moresby,Papua New Guinea,0.00,7.32,17.87,24.13,79.68,260.00,31.5,76.16,71.75
595,Asuncion,Paraguay,104.67,27.53,50.58,64.28,30.89,14.89,47.57,69.49,92.24
596,San Antonio,Paraguay,183.60,139.98,51.17,71.63,62.07,1.95,30.29,45.28,80.58
597,Arequipa,Peru,91.67,29.80,53.98,50.0,30.14,17.79,33.0,86.85,83.90
598,Cusco,Peru,102.52,26.61,56.87,36.11,33.27,40.68,25.0,32.76,82.03
599,Lima,Peru,81.40,31.72,29.6,58.4,32.98,16.96,50.04,85.11,97.69
600,Piura,Peru,NULL,32.72,55.88,5.56,23.60,22.62,50.0,89.66,NULL
601,Trujillo,Peru,NULL,NULL,39.5,41.67,NULL,9.95,22.0,60.06,98.23
602,Bacolod,Philippines,NULL,NULL,49.72,78.19,NULL,20.00,32.0,74.59,NULL
603,Cagayan De Oro City,Philippines,88.95,23.90,53.06,62.96,36.90,32.97,17.5,80.95,81.15
604,Cebu,Philippines,67.12,17.44,48.15,62.16,39.93,30.81,35.82,84.33,60.40
605,Davao,Philippines,102.29,20.13,72.21,72.21,39.39,33.50,27.61,58.55,58.57
606,Dumaguete,Philippines,NULL,NULL,65.03,70.45,NULL,19.67,18.71,78.98,62.09
607,Iloilo,Philippines,NULL,25.42,58.06,59.43,33.70,11.35,41.67,71.82,NULL
608,Laoag City,Philippines,NULL,NULL,60.88,100.0,NULL,NULL,0.0,15.52,68.70
609,Manila,Philippines,45.28,22.13,35.65,63.26,41.33,35.89,54.37,89.86,61.23
610,Naga,Philippines,NULL,NULL,67.99,75.0,NULL,NULL,0.0,36.61,60.40
611,San Juan,Philippines,126.38,67.23,30.98,63.45,69.68,5.54,37.46,50.83,71.25
612,Tacloban,Philippines,NULL,NULL,60.54,72.22,NULL,NULL,10.0,46.55,57.75
613,Gdansk,Poland,117.19,42.88,66.59,49.93,47.92,18.35,31.55,59.23,75.51
614,Katowice,Poland,109.49,50.94,56.03,41.22,39.53,12.90,31.04,70.77,72.49
615,Krakow Cracow,Poland,112.06,49.53,67.57,52.22,44.05,17.06,32.09,74.29,73.86
616,Lodz,Poland,109.40,42.72,56.06,51.29,38.16,15.72,35.13,67.19,77.02
617,Poznan,Poland,116.53,44.54,67.21,51.58,41.32,16.80,33.27,65.64,77.41
618,Warsaw,Poland,118.67,44.24,71.44,56.91,54.13,18.09,35.37,61.78,74.61
619,Wroclaw,Poland,118.19,48.63,66.79,52.62,41.41,16.29,33.99,66.61,78.39
620,Albufeira,Portugal,NULL,NULL,65.7,45.56,NULL,13.34,10.0,45.75,98.00
621,Faro,Portugal,159.91,46.26,72.27,53.11,51.81,9.85,28.0,29.45,98.08
622,Funchal,Portugal,176.71,47.40,84.61,50.42,48.94,9.50,19.0,20.97,99.45
623,Lagos,Portugal,49.49,8.23,34.23,46.04,37.04,12.81,66.78,89.52,60.75
624,Lisbon,Portugal,150.37,45.37,71.24,72.38,51.69,18.34,35.93,35.63,98.59
625,Ponta Delgada,Portugal,182.27,39.01,78.49,69.91,49.24,14.88,17.33,7.93,99.65
626,Porto,Portugal,155.16,43.48,64.3,75.2,48.95,13.60,29.51,35.12,96.61
627,Tavira,Portugal,NULL,NULL,87.13,88.89,NULL,10.62,15.0,6.9,98.00
628,San Juan,Puerto Rico,126.38,67.23,30.98,63.45,69.68,5.54,37.46,50.83,71.25
629,Doha,Qatar,152.67,88.97,87.58,73.48,63.25,6.28,30.62,60.3,36.03
630,Kinshasa,Republic Of Congo,0.00,14.93,23.14,18.06,109.23,27.09,75.0,115.52,82.84
631,Brasov,Romania,NULL,44.66,74.4,49.76,36.25,10.52,20.0,34.6,NULL
632,Bucharest,Romania,119.40,52.93,72.08,54.81,39.41,10.14,41.23,75.37,75.61
633,Iasi,Romania,129.10,44.26,71.04,56.33,35.77,11.25,34.26,58.57,73.04
634,Sighetu Marmatiei,Romania,185.75,53.71,52.45,76.39,26.41,5.17,7.5,11.21,79.54
635,Timisoara,Romania,154.25,55.81,77.25,72.34,35.75,9.63,23.6,56.96,82.05
636,Arkhangelsk,Russia,102.70,30.40,55.15,54.83,39.59,14.59,15.4,64.66,31.17
637,Astrakhan,Russia,NULL,NULL,79.71,43.56,NULL,6.38,12.0,60.2,64.84
638,Belgorod,Russia,125.48,31.08,68.79,56.94,31.49,17.74,42.75,35.27,64.98
639,Bryansk,Russia,NULL,NULL,59.31,50.69,NULL,6.08,39.0,75.86,NULL
640,Irkutsk,Russia,96.06,37.23,42.54,54.46,33.44,11.70,29.0,50.83,4.64
641,Izhevsk,Russia,NULL,39.10,65.88,50.28,31.85,10.35,30.17,75.69,NULL
642,Kaliningrad,Russia,120.83,30.46,68.02,52.27,36.95,15.87,33.36,51.88,73.69
643,Kazan,Russia,104.19,36.10,66.26,62.35,33.26,16.71,38.38,63.42,39.56
644,Khabarovsk,Russia,NULL,NULL,60.92,44.05,NULL,15.09,28.75,50.77,15.90
645,Khimki,Russia,NULL,NULL,51.47,33.33,NULL,7.77,77.5,66.67,56.73
646,Kirov,Russia,NULL,NULL,75.98,56.02,NULL,11.21,39.33,45.4,NULL
647,Krasnodar,Russia,109.36,35.22,66.55,50.9,33.62,15.79,53.67,57.94,78.72
648,Krasnoyarsk,Russia,73.75,42.15,53.28,45.08,32.58,9.30,43.59,84.88,9.50
649,Kursk,Russia,NULL,NULL,77.45,69.44,NULL,11.72,14.0,27.59,66.98
650,Magnitogorsk,Russia,NULL,NULL,25.0,27.78,NULL,7.00,40.0,97.02,25.86
651,Makhachkala,Russia,NULL,30.87,72.95,41.67,33.87,7.93,25.0,48.71,NULL
652,Moscow,Russia,105.25,49.97,62.1,64.39,43.05,22.08,51.17,57.27,55.83
653,Murmansk,Russia,NULL,NULL,56.47,45.37,NULL,NULL,45.0,42.36,23.23
654,Nizhny Novgorod,Russia,138.20,35.14,68.29,74.13,34.64,13.57,29.25,34.75,45.51
655,Novokuznetsk,Russia,NULL,NULL,40.88,50.0,NULL,8.02,4.0,86.21,NULL
656,Novorossiysk,Russia,NULL,47.14,56.62,56.02,32.13,8.43,21.67,78.22,NULL
657,Novosibirsk,Russia,84.36,37.64,52.75,55.42,33.18,12.39,41.31,72.39,16.14
658,Omsk,Russia,78.36,35.50,63.57,45.99,32.95,8.83,51.33,80.56,16.40
659,Orenburg,Russia,97.66,33.57,61.76,50.0,36.30,8.26,34.67,71.03,29.79
660,Penza,Russia,NULL,NULL,64.71,45.83,NULL,9.57,31.0,55.86,47.55
661,Perm,Russia,90.16,35.34,53.08,43.86,33.46,10.29,44.09,62.62,28.10
662,Petrozavodsk,Russia,NULL,NULL,65.58,100.0,NULL,NULL,43.0,47.13,NULL
663,Rostovnadonu,Russia,103.67,36.79,47.48,54.01,33.74,9.09,41.0,72.07,73.85
664,Saint Petersburg,Russia,104.00,41.33,60.82,59.17,38.10,17.25,48.37,62.36,60.64
665,Samara,Russia,102.22,34.83,63.34,45.96,36.44,10.88,41.89,60.1,41.31
666,Saratov,Russia,73.82,26.06,52.52,26.74,32.44,12.44,40.27,82.76,52.30
667,Sevastopol,Russia,NULL,NULL,66.06,58.89,NULL,18.39,17.71,46.12,78.26
668,Simferopol,Russia,NULL,NULL,63.53,49.07,NULL,12.30,30.4,79.17,NULL
669,Smolensk,Russia,NULL,NULL,67.85,52.88,NULL,10.64,30.0,60.92,NULL
670,Sochi,Russia,NULL,NULL,65.35,46.54,NULL,22.99,40.75,33.49,91.70
671,Stavropol,Russia,154.92,39.44,65.05,58.89,29.87,8.66,26.5,23.89,71.68
672,Taganrog,Russia,NULL,NULL,69.98,50.0,NULL,4.86,21.5,59.77,NULL
673,Tolyatti Togliatti,Russia,NULL,NULL,62.58,47.5,NULL,6.76,27.0,65.96,38.13
674,Tyumen,Russia,117.15,39.84,58.66,64.19,33.00,10.86,34.8,44.57,22.44
675,Ufa,Russia,79.56,37.21,47.06,58.58,33.98,11.16,40.35,85.39,28.12
676,Ulyanovsk,Russia,NULL,27.05,42.94,40.28,35.04,10.23,14.0,47.84,NULL
677,Vladivostok,Russia,81.42,32.32,55.49,53.57,43.57,16.71,40.71,70.86,23.94
678,Volgograd,Russia,NULL,NULL,47.07,41.11,NULL,10.67,30.94,79.38,56.06
679,Vologda,Russia,NULL,NULL,100.0,44.44,NULL,NULL,22.5,37.93,NULL
680,Voronezh,Russia,101.94,35.61,59.06,47.31,35.34,11.62,34.33,71.51,57.69
681,Yakutsk,Russia,112.93,66.20,80.65,61.11,40.25,8.30,35.0,66.67,-12.15
682,Yekaterinburg,Russia,94.43,56.24,53.23,50.88,34.84,8.85,38.37,75.94,21.33
683,Yuzhnosakhalinsk,Russia,NULL,NULL,54.04,36.11,NULL,13.47,20.0,95.98,23.15
684,Kigali,Rwanda,0.00,26.63,75.2,68.82,31.90,210.56,16.0,45.91,99.74
685,Georgetown,Saint Vincent And The Grenadines,45.96,18.10,29.24,35.71,48.14,36.75,52.0,66.84,65.81
686,Ad Dammam,Saudi Arabia,142.98,93.44,69.73,61.4,47.29,3.34,29.0,60.53,27.34
687,Al Khobar,Saudi Arabia,158.05,92.97,87.42,69.44,57.84,3.33,23.8,58.28,27.72
688,Alkhubar,Saudi Arabia,NULL,NULL,82.76,48.61,NULL,NULL,31.67,31.72,30.69
689,Buraydah,Saudi Arabia,173.72,114.24,87.35,41.67,42.92,0.76,20.0,40.23,28.67
690,Jeddah Jiddah,Saudi Arabia,144.09,78.19,70.88,58.72,52.12,3.15,28.71,68.18,66.17
691,Jubail,Saudi Arabia,136.07,85.71,74.31,51.92,50.62,6.93,20.22,64.68,27.28
692,Medina,Saudi Arabia,131.94,82.14,90.79,44.51,52.81,2.11,24.5,79.8,26.18
693,Riyadh,Saudi Arabia,147.91,91.82,73.25,64.55,52.59,2.77,30.01,64.58,44.45
694,Dakar,Senegal,0.00,23.03,57.63,50.64,50.77,115.65,25.0,96.36,85.64
695,Saintlouis,Senegal,181.74,144.63,29.47,80.43,66.87,1.61,27.23,39.04,74.75
696,Belgrade,Serbia,109.51,36.78,61.87,54.08,39.51,20.61,35.91,64.95,84.14
697,Cuprija,Serbia,145.01,33.12,58.82,64.58,28.35,7.85,5.0,56.25,81.60
698,Jagodina,Serbia,NULL,NULL,59.06,60.0,NULL,12.73,25.0,70.44,81.53
699,Novi Sad,Serbia,134.61,43.13,59.06,50.83,37.07,14.79,16.41,50.71,84.02
700,Stara Pazova,Serbia,NULL,38.75,62.5,34.26,36.99,9.98,10.0,53.45,NULL
701,Victoria,Seychelles,120.44,19.64,51.47,60.19,70.17,16.08,29.33,33.1,67.83
702,Victoria,Seychelles,187.35,89.68,63.95,69.88,73.33,7.97,28.47,14.62,92.52
703,Singapore,Singapore,151.65,91.15,72.4,71.09,83.09,17.52,41.14,33.31,57.45
704,Bratislava,Slovakia,147.73,62.35,69.67,57.5,48.80,14.47,30.67,40.9,80.72
705,Kosice,Slovakia,147.81,51.56,70.89,63.63,47.49,12.24,20.56,47.43,75.54
706,Poprad,Slovakia,NULL,NULL,77.5,52.78,NULL,10.59,18.75,10.31,58.10
707,Presov,Slovakia,150.11,56.58,61.74,57.64,39.02,8.89,23.0,40.8,75.15
708,Ljubljana,Slovenia,167.16,59.98,78.55,66.3,57.02,13.04,27.55,23.21,76.11
709,Mogadishu,Somalia,NULL,NULL,37.0,42.97,NULL,502.25,25.0,58.34,67.29
710,Bloemfontein,South Africa,129.41,86.14,27.65,58.52,42.31,9.65,18.57,67.58,77.85
711,Cape Town,South Africa,148.70,78.78,26.45,70.5,39.74,5.65,42.76,38.94,98.19
712,Durban,South Africa,139.42,75.39,19.43,57.71,37.44,3.23,26.11,53.07,95.61
713,East London,South Africa,NULL,NULL,26.15,68.06,NULL,NULL,28.33,50.64,98.61
714,George,South Africa,NULL,NULL,46.56,75.46,NULL,NULL,15.33,9.05,98.05
715,Hermanus,South Africa,NULL,NULL,66.18,89.58,NULL,NULL,20.0,0.0,NULL
716,Johannesburg,South Africa,124.43,71.87,19.3,60.42,43.29,3.14,40.72,61.14,91.38
717,Port Elizabeth,South Africa,NULL,NULL,23.88,62.86,NULL,3.49,31.31,34.43,98.81
718,Pretoria,South Africa,135.77,86.92,18.03,66.48,41.52,2.08,45.51,56.34,95.83
719,Busan,South Korea,159.23,77.36,74.51,93.4,68.63,10.69,33.25,57.83,79.22
720,Seoul,South Korea,125.26,78.35,73.93,82.33,77.58,30.79,42.14,58.75,68.39
721,Ulsan,South Korea,129.70,83.27,64.28,62.5,76.73,31.31,7.0,67.94,81.07
722,Almeria,Spain,157.04,66.76,49.95,41.67,49.85,5.66,11.5,40.52,96.31
723,Badajoz,Spain,NULL,NULL,87.87,87.5,NULL,5.39,12.5,22.49,91.93
724,Barakaldo,Spain,NULL,NULL,55.39,71.3,NULL,11.80,28.0,33.62,NULL
725,Barcelona,Spain,140.35,69.51,52.56,77.74,60.69,11.54,30.04,66.16,95.73
726,Bilbao,Spain,161.00,64.65,48.27,87.76,63.36,11.62,33.14,32.18,95.65
727,Canary Islands,Spain,NULL,NULL,56.09,87.5,NULL,5.04,30.0,75.86,98.89
728,Cartagena,Spain,95.38,29.30,50.68,51.85,29.50,23.81,30.0,58.97,55.95
729,Cordoba,Spain,NULL,NULL,73.75,78.7,NULL,2.53,21.33,16.95,80.10
730,Cordoba,Spain,NULL,NULL,39.84,70.13,NULL,7.93,33.0,72.3,99.95
731,Corunna,Spain,187.27,67.76,84.64,80.45,53.94,8.41,21.0,33.65,97.21
732,Cuenca,Spain,144.50,30.43,60.13,82.21,34.28,13.11,35.2,43.91,98.36
733,Denia,Spain,NULL,NULL,66.54,80.42,NULL,5.41,25.0,29.31,95.37
734,Gijon,Spain,178.16,63.71,84.38,84.44,56.43,8.04,26.33,42.97,96.63
735,Granada,Spain,174.98,81.66,70.86,73.17,51.64,7.62,23.3,40.2,86.55
736,Guadalajara,Spain,122.34,35.17,38.69,79.79,32.53,8.44,40.72,62.82,92.83
737,Huelva,Spain,NULL,NULL,74.82,68.06,NULL,5.34,28.0,64.43,95.70
738,Jerez De La Frontera,Spain,NULL,NULL,60.83,86.11,NULL,5.12,12.0,41.38,91.71
739,La Linea De La Concepcion,Spain,133.91,72.68,40.9,47.22,48.87,5.67,15.0,73.95,98.57
740,Leon,Spain,185.45,79.39,71.81,86.81,54.05,5.32,28.0,26.96,77.29
741,Leon,Spain,NULL,NULL,31.92,72.64,NULL,4.55,37.67,58.56,37.94
742,Madrid,Spain,155.32,73.40,70.51,79.61,57.83,11.53,35.35,51.97,85.47
743,Malaga,Spain,177.30,67.19,72.68,73.48,51.92,9.86,23.5,31.25,96.98
744,Marbella,Spain,177.76,60.07,61.35,77.48,60.83,12.15,19.0,18.56,96.50
745,Oviedo,Spain,201.86,81.75,83.9,92.22,57.36,6.54,25.0,25.63,96.54
746,Pamplona,Spain,213.12,76.15,88.43,86.52,60.34,10.16,18.0,0.86,88.82
747,Pontevedra,Spain,NULL,NULL,62.87,86.11,NULL,6.66,20.0,7.47,96.09
748,Puerto De La Cruz,Spain,NULL,NULL,64.71,21.67,NULL,8.85,30.0,25.0,98.73
749,San Sebastian,Spain,200.27,74.02,90.97,94.44,65.72,12.72,28.5,16.87,96.56
750,Santander,Spain,203.04,73.64,76.35,91.67,56.55,6.74,17.5,18.47,96.60
751,Santiago De Compostela,Spain,192.78,56.55,83.86,76.21,48.61,12.25,15.5,13.22,94.25
752,Valencia,Spain,171.96,69.68,75.18,80.61,52.29,7.48,29.35,44.45,93.84
753,Vigo,Spain,194.09,75.06,80.56,73.29,52.91,8.97,20.8,19.39,96.17
754,Zaragoza Saragossa,Spain,183.33,67.67,79.94,78.01,54.43,8.18,14.43,36.22,90.20
755,Colombo,Sri Lanka,62.66,18.83,59.5,71.87,32.80,48.44,62.17,60.41,59.11
756,Khartoum,Sudan,50.25,5.86,63.78,46.78,43.57,38.44,42.0,74.83,32.95
757,Paramaribo,Suriname,102.59,16.59,46.42,43.14,48.40,9.83,33.0,52.13,64.25
758,Manzini,Swaziland,NULL,NULL,93.38,52.78,NULL,NULL,48.5,30.17,97.00
759,Mbabane,Swaziland,NULL,NULL,69.19,63.89,NULL,1.48,13.5,19.83,97.81
760,Gothenburg,Sweden,176.02,99.26,51.79,69.14,74.11,9.08,25.55,20.7,77.49
761,Helsingborg,Sweden,166.26,100.88,44.25,90.97,67.65,7.34,19.0,52.84,78.69
762,Hssleholm,Sweden,NULL,NULL,100.0,91.67,NULL,6.85,85.0,0.0,NULL
763,Kalmar,Sweden,186.00,69.04,58.49,84.72,71.54,5.80,13.0,15.52,75.14
764,Karlskrona,Sweden,NULL,NULL,59.83,20.83,NULL,NULL,33.0,3.45,73.94
765,Nykping,Sweden,NULL,NULL,93.75,75.0,NULL,23.70,100.0,27.59,68.63
766,Solna,Sweden,NULL,NULL,63.28,66.67,NULL,11.73,29.0,41.95,69.59
767,Stockholm,Sweden,161.53,90.99,54.15,66.37,79.32,13.11,35.38,19.48,69.67
768,Sundsvall,Sweden,NULL,NULL,60.84,76.85,NULL,3.46,13.0,17.39,46.71
769,Umea,Sweden,191.84,85.52,70.62,89.08,73.94,6.75,24.25,2.18,43.24
770,Geneva,Switzerland,190.18,116.24,73.36,73.95,117.46,9.52,25.49,24.16,82.61
771,Zurich,Switzerland,200.22,128.69,83.25,74.43,128.76,7.93,34.03,18.0,81.48
772,Aleppo,Syria,NULL,NULL,24.88,41.67,NULL,79.58,37.0,75.69,90.08
773,Damascus,Syria,0.00,5.18,32.15,35.6,36.08,100.74,41.67,67.56,70.11
774,Tartus,Syria,77.84,7.18,69.51,80.56,27.17,45.72,24.4,94.83,95.54
775,Kaohsiung,Taiwan,135.30,53.30,76.0,86.62,62.67,12.92,26.64,78.65,78.82
776,Tainan,Taiwan,NULL,49.00,84.41,90.08,83.36,17.12,18.33,70.4,NULL
777,Taipei,Taiwan,140.37,59.64,86.67,87.42,65.76,32.98,33.9,50.11,84.38
778,Taoyuan,Taiwan,NULL,69.28,85.02,76.92,58.47,13.58,36.67,46.55,NULL
779,Dushanbe,Tajikistan,100.46,15.21,53.31,35.19,26.07,15.12,27.0,60.3,75.22
780,Mwanza,Tanzania,NULL,NULL,71.32,69.44,NULL,NULL,55.0,55.0,98.77
781,Bangkok,Thailand,85.36,30.29,58.27,77.08,48.47,26.77,46.18,77.22,58.39
782,Chiang Mai,Thailand,124.02,29.78,76.5,83.81,41.23,16.59,25.75,77.08,75.93
783,Hat Yai,Thailand,NULL,NULL,82.72,75.0,NULL,8.22,10.0,31.03,59.83
784,Khon Kaen,Thailand,NULL,NULL,72.06,67.78,NULL,12.93,10.0,62.05,69.73
785,Koh Samui,Thailand,NULL,NULL,60.7,83.33,NULL,5.98,28.0,86.49,53.87
786,Phuket,Thailand,116.08,27.21,55.06,74.25,43.43,18.78,36.36,50.34,68.52
787,Si Sa Ket,Thailand,NULL,NULL,63.24,55.56,NULL,NULL,30.0,34.48,62.02
788,Surin,Thailand,NULL,NULL,36.76,72.22,NULL,NULL,45.0,37.93,68.52
789,Dili,Timorleste,NULL,10.64,57.37,54.58,54.65,63.24,25.0,62.96,NULL
790,Chaguanas,Trinidad And Tobago,NULL,NULL,25.82,66.67,NULL,11.23,33.33,88.45,66.25
791,San Juan,Trinidad And Tobago,126.38,67.23,30.98,63.45,69.68,5.54,37.46,50.83,71.25
792,Al Marsa,Tunisia,155.83,23.36,71.9,64.81,32.24,12.16,29.5,24.78,93.80
793,Ben Arous,Tunisia,91.21,39.69,45.89,47.41,25.29,9.29,95.0,57.47,93.17
794,Djerba,Tunisia,NULL,NULL,73.04,70.83,NULL,8.73,18.5,58.47,94.49
795,Gabes,Tunisia,80.22,26.44,61.15,52.78,27.97,31.33,25.0,97.19,88.15
796,Jendouba,Tunisia,NULL,NULL,21.32,25.0,NULL,2.67,0.0,51.72,85.29
797,Sfax,Tunisia,102.22,27.18,62.72,44.44,25.17,12.76,20.0,96.03,94.52
798,Sousse,Tunisia,120.21,29.54,48.35,64.58,27.75,11.17,26.25,69.71,95.79
799,Tunis,Tunisia,103.39,24.46,52.2,54.14,29.89,14.89,37.88,72.62,93.24
800,Adana,Turkey,NULL,NULL,49.03,78.54,NULL,6.82,27.89,33.55,88.99
801,Alanya,Turkey,NULL,NULL,78.28,97.22,NULL,9.53,12.25,17.82,NULL
802,Ankara,Turkey,131.14,37.75,60.49,69.1,21.78,8.39,36.35,65.4,91.49
803,Antalya,Turkey,155.47,35.21,74.08,76.35,21.58,11.47,32.96,39.88,91.52
804,Bursa,Turkey,156.39,34.18,71.9,78.58,21.96,7.40,33.0,44.54,93.39
805,Fethiye,Turkey,NULL,NULL,76.36,87.96,NULL,10.62,20.0,18.97,NULL
806,Gaziantep,Turkey,NULL,NULL,61.58,66.67,NULL,6.87,16.0,63.32,73.21
807,Isparta,Turkey,NULL,NULL,92.65,66.67,NULL,5.83,80.0,67.82,NULL
808,Istanbul,Turkey,109.43,30.91,52.71,69.26,23.32,13.32,52.51,69.14,93.02
809,Istanbul,Turkey,109.43,30.91,52.71,69.26,23.32,13.32,52.51,69.14,93.02
810,Izmir,Turkey,137.80,35.99,70.13,72.73,21.56,11.73,39.5,59.12,96.88
811,Kahramanmaras,Turkey,NULL,NULL,67.65,88.89,NULL,4.34,15.0,89.66,74.02
812,Kayseri,Turkey,128.79,37.97,74.32,55.95,21.81,5.10,23.0,73.56,65.66
813,Malatya,Turkey,NULL,NULL,69.26,75.0,NULL,3.97,37.5,69.83,66.36
814,Mersin,Turkey,NULL,46.86,58.94,62.36,18.63,4.45,15.0,40.0,NULL
815,Samsun,Turkey,NULL,NULL,68.98,68.4,NULL,3.33,34.11,69.81,90.31
816,Trabzon,Turkey,NULL,NULL,83.55,89.35,NULL,5.87,7.5,58.43,93.56
817,Yalova,Turkey,NULL,NULL,64.54,52.78,NULL,NULL,37.5,46.91,NULL
818,Ashgabat,Turkmenistan,109.00,11.84,63.5,50.0,132.36,22.34,15.8,38.36,64.68
819,Kampala,Uganda,0.00,9.26,45.36,47.51,34.97,"1,484.08",42.64,90.14,98.41
820,Kharkiv,Ukraine,110.06,33.19,51.84,47.5,31.27,10.49,37.82,56.09,65.35
821,Lugansk,Ukraine,NULL,NULL,13.9,61.57,NULL,NULL,25.0,43.1,64.91
822,Lviv,Ukraine,126.63,37.08,60.46,59.12,30.86,11.07,33.22,51.77,69.61
823,Mariupol,Ukraine,NULL,NULL,68.77,50.0,NULL,NULL,30.0,91.09,NULL
