id,city,country,purchasing_power_index,safety_index,health_care_index,climate_index,cost_of_living_index,property_price_to_income_ratio,traffic_commute_time_index,pollution_index,quality_of_life_index
0,Kabul,Afghanistan,21.12,21.47,29.06,NULL,23.82,14.82,56.17,92.0,NULL
1,Tirana,Albania,31.24,56.95,48.69,86.43,38.10,16.02,39.93,87.82,90.91
2,Algiers,Algeria,21.75,45.56,54.45,94.82,29.91,28.56,56.08,70.38,78.36
3,Constantine,Algeria,24.92,55.32,40.28,84.71,27.61,14.00,55.5,68.82,91.58
4,Jijel,Algeria,NULL,54.66,43.06,NULL,NULL,13.02,20.0,53.45,NULL
5,Oran,Algeria,21.01,45.78,55.32,96.35,28.43,22.22,105.0,58.87,68.73
6,Setif,Algeria,20.84,39.92,59.26,80.17,26.38,94.89,13.5,72.41,26.16
7,Skikda,Algeria,NULL,86.76,22.22,NULL,NULL,NULL,3.0,117.24,NULL
8,Tebessa,Algeria,NULL,48.53,43.52,82.86,NULL,6.67,25.0,22.41,NULL
9,Tiziouzou,Algeria,NULL,41.2,44.44,94.76,NULL,9.22,15.0,95.69,NULL
10,Tlemcen,Algeria,NULL,43.55,42.82,89.09,NULL,21.35,56.67,40.52,NULL
11,Luanda,Angola,24.50,32.8,38.31,79.91,62.70,16.60,56.33,97.55,52.09
12,Saint Johns,Antigua And Barbuda,62.33,52.53,62.14,56.94,76.13,6.92,19.33,24.41,154.56
13,Buenos Aires,Argentina,27.93,36.92,69.39,98.28,35.14,32.34,48.15,52.43,95.26
14,Cordoba,Argentina,NULL,39.84,70.13,99.95,NULL,7.93,33.0,72.3,NULL
15,Mendoza,Argentina,NULL,31.74,71.83,87.76,NULL,21.26,42.67,39.29,NULL
16,Salta,Argentina,NULL,49.02,91.67,94.43,NULL,9.99,20.0,52.5,NULL
17,San Juan,Argentina,67.23,30.98,63.45,71.25,69.68,5.54,37.46,50.83,126.38
18,Tucuman,Argentina,NULL,19.78,77.78,NULL,NULL,NULL,45.0,66.38,NULL
19,Yerevan,Armenia,30.04,77.9,56.37,63.42,33.34,16.78,32.19,57.19,120.32
20,Aruba,Aruba,NULL,79.12,47.22,59.66,NULL,NULL,7.0,13.79,NULL
21,Adelaide,Australia,103.84,70.82,80.75,94.96,75.78,4.37,24.18,18.17,204.75
22,Albury,Australia,NULL,45.95,80.56,90.27,NULL,NULL,11.5,11.18,NULL
23,Bathurst,Australia,NULL,52.81,97.22,89.58,NULL,NULL,11.0,22.01,NULL
24,Brisbane,Australia,102.54,65.43,82.09,98.07,78.33,6.25,39.88,22.66,190.13
25,Buderim,Australia,NULL,70.31,76.85,98.28,NULL,4.07,40.0,11.21,NULL
26,Bundaberg,Australia,NULL,62.26,91.67,96.85,NULL,NULL,40.0,41.7,NULL
27,Cairns,Australia,74.92,39.11,67.41,89.82,77.46,5.68,39.88,28.92,153.79
28,Canberra,Australia,104.16,77.56,82.17,82.72,76.15,5.19,23.91,13.37,207.21
29,Coffs Harbour,Australia,NULL,64.49,64.81,97.98,NULL,NULL,21.67,17.82,NULL
30,Darwin,Australia,110.76,41.54,56.53,79.19,80.82,16.16,24.65,24.08,161.46
31,Denver,Australia,135.09,54.99,69.41,56.28,75.49,3.88,36.24,43.92,169.22
32,Derby,Australia,124.48,55.66,75.69,88.79,70.59,5.72,33.86,29.83,187.90
33,Dubbo,Australia,NULL,40.08,75.0,NULL,NULL,NULL,8.0,22.59,NULL
34,Geraldton,Australia,NULL,30.64,63.89,96.15,NULL,4.36,12.0,24.71,NULL
35,Hobart,Australia,103.19,67.68,65.07,90.62,71.84,4.12,20.78,13.87,200.41
36,Hoppers Crossing,Australia,NULL,48.41,100.0,96.09,NULL,NULL,17.0,22.41,NULL
37,Ipswich,Australia,NULL,43.76,70.37,96.30,NULL,NULL,20.0,46.55,NULL
38,Launceston,Australia,NULL,57.12,61.81,87.08,NULL,5.71,13.33,43.33,NULL
39,Melbourne,Australia,103.50,56.07,76.37,94.30,75.90,8.13,40.51,25.91,178.17
40,Perth,Australia,113.08,58.09,77.79,95.71,77.15,5.45,35.62,23.4,190.71
41,Richmond,Australia,135.36,54.11,73.86,81.27,67.68,4.01,21.96,31.14,195.31
42,Rockhampton,Australia,NULL,29.64,72.22,94.43,NULL,NULL,29.67,20.57,NULL
43,Sydney,Australia,103.49,66.46,78.62,97.07,82.41,10.28,43.55,27.5,179.81
44,Townsville,Australia,NULL,43.17,76.51,92.07,NULL,NULL,18.43,27.54,NULL
45,Dornbirn,Austria,NULL,92.31,68.06,NULL,NULL,9.98,40.0,10.34,NULL
46,Innsbruck,Austria,66.54,76.32,75.62,74.57,76.60,15.08,25.89,23.33,168.64
47,Klagenfurt,Austria,65.96,56.55,53.47,74.35,76.86,9.76,9.0,28.16,160.11
48,Vienna,Austria,78.04,73.57,78.83,81.77,67.09,13.89,26.37,17.44,181.37
49,Villach,Austria,69.95,71.98,73.53,75.94,76.23,7.63,17.39,21.54,180.39
50,Baku,Azerbaijan,27.95,69.01,44.26,91.40,31.49,17.39,37.63,75.84,103.94
51,Freeport,Bahamas,88.18,83.82,19.44,80.78,83.12,1.25,12.5,13.79,186.89
52,George Town,Bahamas,54.90,67.65,81.54,58.15,33.90,8.58,25.0,55.46,146.34
53,Nassau,Bahamas,46.61,35.62,42.48,85.98,86.12,4.36,28.5,60.46,114.58
54,Manama,Bahrain,62.56,78.59,66.42,64.31,54.09,6.21,30.75,61.24,144.50
55,Dhaka,Bangladesh,23.07,34.92,40.02,71.29,35.56,17.43,58.52,93.33,54.00
56,Khulna,Bangladesh,NULL,48.02,80.56,NULL,NULL,NULL,22.5,51.07,NULL
57,Bridgetown,Barbados,38.50,59.54,66.11,71.34,87.60,NULL,36.67,20.69,NULL
58,Christchurch,Barbados,89.23,60.12,79.94,88.79,75.34,4.76,22.43,23.08,188.43
59,Brest,Belarus,34.50,39.52,26.94,74.17,27.69,10.11,28.33,65.34,98.45
60,Brest,Belarus,NULL,46.1,87.4,93.14,NULL,NULL,35.0,28.07,NULL
61,Minsk,Belarus,31.53,39.65,46.23,64.37,32.96,18.82,30.22,41.56,107.46
62,Antwerp,Belgium,86.30,63.58,80.53,85.42,71.15,5.78,38.32,59.1,155.54
63,Brussels,Belgium,88.63,48.33,74.42,83.85,73.53,6.66,37.0,62.13,143.40
64,Belize City,Belize,28.12,35.35,47.78,67.93,61.86,6.72,0.0,67.82,112.56
65,Belmopan,Belize,NULL,56.62,35.42,68.24,NULL,NULL,20.5,44.54,NULL
66,Cotonou,Benin,NULL,62.71,44.44,61.89,NULL,NULL,26.0,87.93,NULL
67,Hamilton,Bermuda,79.40,68.92,74.78,91.82,148.93,6.87,39.62,15.92,174.55
68,Hamilton,Bermuda,85.02,45.93,80.59,61.06,65.36,8.05,33.03,55.35,141.56
69,Thimphu,Bhutan,19.66,62.57,62.64,84.68,42.77,45.13,0.0,60.58,102.64
70,Cochabamba,Bolivia,38.98,32.29,46.97,88.74,32.67,8.11,28.4,80.54,100.84
71,La Paz,Bolivia,37.06,46.18,45.83,55.46,37.54,9.83,59.2,81.66,77.11
72,Santa Cruz,Bolivia,33.11,38.25,51.11,81.58,37.85,10.15,35.6,59.67,108.49
73,Sarajevo,Bosnia And Herzegovina,44.14,55.93,57.47,78.18,37.00,11.68,28.12,68.12,119.82
74,Gaborone,Botswana,53.84,45.38,60.72,88.87,41.65,56.36,28.53,44.1,93.94
75,Americana,Brazil,NULL,14.22,47.22,NULL,NULL,NULL,35.0,79.31,NULL
76,Bauru,Brazil,NULL,54.83,66.67,91.76,NULL,NULL,16.25,44.25,NULL
77,Belem,Brazil,23.30,22.44,46.28,64.56,33.79,12.26,29.25,60.44,90.01
78,Belo Horizonte,Brazil,20.81,36.22,63.61,98.50,31.76,20.78,43.23,52.49,104.16
79,Brasilia,Brazil,44.77,39.45,51.17,98.97,35.94,10.77,29.74,32.89,139.93
80,Campinas,Brazil,31.94,33.5,60.98,98.87,38.62,11.75,27.96,47.5,125.61
81,Campo Grande,Brazil,18.19,46.59,63.89,96.36,31.55,16.88,49.25,24.08,127.54
82,Cuiaba,Brazil,NULL,35.0,65.28,82.29,NULL,9.29,18.0,78.45,NULL
83,Curitiba,Brazil,30.01,37.86,66.14,99.60,30.52,16.10,32.24,31.43,134.37
84,Florianopolis,Brazil,31.29,47.56,58.31,97.00,31.68,15.78,44.76,39.82,124.08
85,Fortaleza,Brazil,19.98,21.73,49.05,80.35,31.85,20.40,45.33,52.85,83.77
86,Foz Do Iguau,Brazil,NULL,40.44,56.94,96.86,NULL,18.04,35.67,17.82,NULL
87,Londrina,Brazil,NULL,46.56,70.83,97.01,NULL,NULL,25.86,29.31,NULL
88,Manaus,Brazil,NULL,29.16,45.98,67.93,NULL,NULL,37.88,79.34,NULL
89,Maringa,Brazil,NULL,50.36,72.69,97.27,NULL,12.50,26.0,11.21,NULL
90,Porto Alegre,Brazil,35.25,26.35,63.3,98.74,31.77,12.94,31.98,56.43,115.78
91,Recife,Brazil,35.71,23.51,61.94,79.28,34.46,11.93,45.79,70.93,91.68
92,Salvador,Brazil,NULL,24.07,57.81,82.81,NULL,NULL,38.35,41.21,NULL
93,Sao Paulo,Brazil,29.48,29.7,58.35,99.04,35.95,17.09,50.54,79.55,84.00
94,Sao Paulo,Brazil,29.48,29.7,58.35,99.04,35.95,17.09,50.54,79.55,84.00
95,Teresina,Brazil,NULL,23.87,62.78,52.40,NULL,19.02,43.0,39.66,NULL
96,Uberlandia,Brazil,NULL,29.72,57.64,98.61,NULL,13.79,24.5,35.78,NULL
97,Vila Velha,Brazil,NULL,33.97,51.85,90.28,NULL,28.12,30.0,60.63,NULL
98,Vitoria,Brazil,42.13,52.0,67.07,90.39,32.26,10.71,42.11,61.09,124.08
99,Bandar Seri Begawan,Brunei,84.88,72.94,75.89,56.98,47.45,3.19,27.62,31.43,177.07
100,Sofia,Bulgaria,55.53,57.37,57.48,76.01,41.03,9.17,30.7,68.59,124.88
101,Varna,Bulgaria,45.79,63.36,61.79,85.08,38.87,8.74,30.85,64.02,132.34
102,Phnom Penh,Cambodia,14.58,47.03,49.0,59.43,50.33,31.79,30.85,80.5,62.84
103,Siem Reap,Cambodia,8.21,63.74,41.53,63.63,47.97,30.63,7.5,69.31,87.59
104,Douala,Cameroon,13.48,24.77,34.03,59.46,42.43,20.35,40.0,94.14,43.86
105,Yaounde,Cameroon,NULL,52.21,46.76,88.55,NULL,9.03,20.0,93.41,NULL
106,Airdrie,Canada,NULL,62.06,87.5,NULL,NULL,5.17,31.0,43.97,NULL
107,Burlington,Canada,123.73,64.48,70.93,55.47,86.87,2.99,25.0,7.93,199.12
108,Calgary,Canada,120.76,64.69,75.74,33.09,70.37,3.50,30.0,24.0,180.43
109,Cambridge,Canada,92.68,71.06,74.47,91.37,72.56,8.73,33.56,32.18,178.62
110,Charlottetown,Canada,65.41,67.59,55.56,48.57,74.11,2.96,18.33,11.15,171.40
111,Edmonton,Canada,109.68,56.54,78.68,32.11,70.79,3.46,29.47,29.37,169.46
112,Fort Mcmurray,Canada,NULL,40.79,64.26,6.57,NULL,3.21,43.08,40.01,NULL
113,Fredericton,Canada,74.00,68.67,56.89,33.20,72.94,2.48,21.08,18.24,165.29
114,Grande Prairie,Canada,73.87,35.77,79.4,12.39,78.98,4.51,17.33,17.89,150.32
115,Halifax,Canada,87.10,59.3,69.29,58.99,73.64,5.05,30.46,22.96,168.91
116,Hamilton,Canada,85.02,45.93,80.59,61.06,65.36,8.05,33.03,55.35,141.56
117,Kanata,Canada,NULL,24.37,69.44,45.15,NULL,6.24,7.0,3.45,NULL
118,Kelowna,Canada,77.64,46.05,74.93,59.65,67.84,6.29,28.93,26.59,158.66
119,London,Canada,88.61,46.82,70.78,88.25,84.52,14.68,43.72,57.91,132.98
120,Maple Ridge,Canada,85.53,49.3,75.56,34.74,73.26,6.42,37.0,41.38,140.83
121,Milton,Canada,NULL,58.53,90.74,53.31,NULL,4.23,30.0,26.01,NULL
122,Mississauga,Canada,101.51,57.34,69.89,58.72,70.08,8.79,38.25,24.2,165.74
123,Montreal,Canada,93.93,69.64,64.29,52.37,68.42,7.68,39.89,33.25,158.93
124,Nelson Bc,Canada,NULL,66.76,80.56,71.69,NULL,6.60,26.67,12.84,NULL
125,North Bay,Canada,NULL,42.58,68.52,26.61,NULL,15.80,13.33,17.67,NULL
126,North Vancouver,Canada,119.43,79.47,75.23,91.15,68.34,8.91,49.62,16.94,196.13
127,Okotoks,Canada,NULL,83.82,88.89,NULL,NULL,NULL,30.0,10.34,NULL
128,Ottawa,Canada,100.36,73.95,74.56,44.46,71.79,5.02,31.15,21.82,179.45
129,Prince Albert,Canada,NULL,37.35,83.33,9.08,NULL,NULL,15.0,33.62,NULL
130,Prince George,Canada,101.95,34.57,59.72,36.07,70.74,2.47,10.0,40.61,152.36
131,Quebec City,Canada,87.99,84.78,72.76,47.98,66.60,4.93,27.53,27.63,178.92
132,Regina,Canada,104.52,46.59,66.91,14.28,68.34,3.96,17.2,39.86,150.66
133,Richmond,Canada,135.36,54.11,73.86,81.27,67.68,4.01,21.96,31.14,195.31
134,Sudbury,Canada,81.56,40.42,58.33,26.66,70.48,6.34,38.12,40.97,125.29
135,Thunder Bay,Canada,59.60,33.54,64.15,20.33,73.72,5.68,17.29,23.39,135.76
136,Toronto,Canada,101.91,58.86,75.92,65.35,72.00,10.52,45.05,37.81,156.89
137,Vancouver,Canada,92.57,62.78,75.08,91.15,73.53,11.64,36.9,25.03,174.70
138,Victoria,Canada,89.68,63.95,69.88,92.52,73.33,7.97,28.47,14.62,187.35
139,Whitehorse,Canada,NULL,54.97,79.17,8.79,NULL,NULL,14.0,12.96,NULL
140,Winnipeg,Canada,102.23,42.14,68.96,24.67,68.85,3.41,31.46,36.73,147.26
141,Woodstock,Canada,NULL,43.43,66.67,55.89,NULL,5.07,8.0,53.45,NULL
142,Yellowknife,Canada,74.65,47.95,88.74,-7.50,98.84,4.95,13.4,28.45,146.33
143,George Town,Cayman Islands,54.90,67.65,81.54,58.15,33.90,8.58,25.0,55.46,146.34
144,Concepcion,Chile,29.78,50.5,61.38,96.65,40.39,16.82,32.67,44.67,126.96
145,La Serena,Chile,27.80,72.43,61.85,NULL,46.96,15.00,39.5,57.47,NULL
146,Puerto Montt,Chile,NULL,43.98,36.11,90.28,NULL,21.25,20.0,68.97,NULL
147,Santiago,Chile,31.39,42.54,66.23,90.21,45.70,18.52,37.18,70.0,102.05
148,Baoji,China,NULL,88.24,63.89,NULL,NULL,NULL,27.0,89.66,NULL
149,Baotou,China,NULL,97.9,100.0,NULL,NULL,11.88,16.11,54.6,NULL
150,Beijing,China,52.97,66.55,64.4,57.64,46.11,50.75,44.61,82.76,66.59
151,Changchun,China,NULL,73.54,63.89,23.65,NULL,8.14,15.0,79.2,NULL
152,Changsha,China,41.30,79.06,70.37,NULL,50.39,13.49,35.0,59.78,NULL
153,Chengdu,China,54.58,76.8,65.45,91.18,43.09,17.94,37.6,72.97,127.10
154,Chongqing,China,54.97,70.86,53.33,91.60,39.26,14.34,52.17,73.7,115.80
155,Dalian,China,53.41,83.44,76.39,63.70,38.46,16.62,30.0,69.48,133.09
156,Fuzhou,China,42.28,71.42,77.78,87.28,41.45,35.05,32.5,49.8,124.19
157,Guizhou,China,44.15,82.35,80.56,NULL,47.66,25.20,50.0,48.85,NULL
158,Hefei,China,77.83,87.65,80.56,80.35,41.53,16.61,15.0,79.21,152.89
159,Jinan,China,51.59,85.87,52.78,66.62,35.70,20.58,50.0,78.04,105.71
160,Nanjing,China,72.86,87.17,75.35,80.60,42.10,23.66,38.0,73.7,133.73
161,Nanning,China,60.16,77.7,36.11,83.39,47.67,19.07,26.5,70.57,121.01
162,Shanghai,China,54.45,65.43,61.64,83.64,53.67,41.56,47.42,77.12,84.97
163,Shenyang,China,54.89,77.82,77.78,35.46,40.98,22.28,20.75,91.78,105.86
164,Shenzhen,China,68.98,66.97,59.57,81.80,51.12,43.79,36.45,62.39,103.45
165,Wuhan,China,50.06,76.35,71.67,82.22,43.59,19.22,37.33,89.43,112.41
166,Xian,China,54.71,83.15,68.52,73.90,38.31,16.12,43.0,93.0,112.05
167,Xiamen,China,41.10,75.95,74.07,84.71,44.05,52.89,60.67,39.5,98.32
168,Zhengzhou,China,59.15,77.92,77.78,74.29,39.45,14.36,65.0,98.35,102.12
169,Barranquilla,Colombia,28.16,40.36,62.24,54.07,28.21,12.25,38.0,55.92,103.01
170,Bogota,Colombia,26.02,35.1,64.59,97.12,27.87,23.40,51.99,70.42,87.03
171,Bucaramanga,Colombia,30.80,54.86,68.95,97.37,23.47,16.51,40.0,56.46,123.29
172,Cali,Colombia,32.36,31.58,66.81,93.20,25.01,13.02,35.88,40.2,126.27
173,Cartagena,Colombia,29.30,50.68,51.85,55.95,29.50,23.81,30.0,58.97,95.38
174,Medellin,Colombia,34.27,47.97,76.68,99.76,28.36,13.34,39.18,63.07,123.81
175,Santa Marta,Colombia,21.09,55.94,71.3,61.06,29.75,22.63,8.0,66.48,111.35
176,Kinshasa,Congo,14.93,23.14,18.06,82.84,109.23,27.09,75.0,115.52,0.00
177,Samara,Costa Rica,34.83,63.34,45.96,41.31,36.44,10.88,41.89,60.1,102.22
178,San Francisco,Costa Rica,130.21,42.35,65.25,97.26,93.55,7.61,51.23,49.24,156.38
179,San Jose,Costa Rica,156.42,54.42,73.38,95.53,74.25,6.37,38.26,45.58,187.66
180,San Juan,Costa Rica,67.23,30.98,63.45,71.25,69.68,5.54,37.46,50.83,126.38
181,Split,Croatia,38.07,64.6,61.97,96.26,53.63,22.02,12.64,35.61,146.96
182,Zagreb,Croatia,54.36,78.52,64.89,82.19,49.90,12.97,31.01,32.49,159.23
183,Havana,Cuba,1.70,69.79,51.71,89.86,57.09,48.82,47.5,57.74,69.44
184,Willemstad,Curacao,31.00,40.44,50.35,64.10,77.16,11.08,17.5,65.07,103.21
185,Ayia Napa,Cyprus,NULL,39.16,8.33,94.95,NULL,8.17,0.0,35.34,NULL
186,Limassol,Cyprus,54.32,67.37,49.69,95.74,64.94,8.12,20.0,53.43,146.97
187,Nicosia,Cyprus,59.26,68.33,52.17,86.01,63.42,6.17,25.74,64.32,139.14
188,Brno,Czech Republic,64.50,73.7,74.84,78.17,46.92,14.71,26.13,43.26,157.34
189,Pardubice,Czech Republic,60.49,64.96,80.16,76.82,44.71,8.92,12.75,49.57,161.54
190,Prague,Czech Republic,71.02,75.77,74.69,80.67,49.42,17.79,32.29,34.42,161.23
191,Aalborg,Denmark,105.35,75.24,80.87,81.94,81.25,6.11,27.11,10.84,204.40
192,Arhus,Denmark,94.01,78.97,83.8,81.20,88.05,6.54,28.88,26.96,189.91
193,Copenhagen,Denmark,89.77,72.63,77.72,83.74,88.24,9.26,28.56,21.89,184.27
194,Esbjerg,Denmark,NULL,65.25,66.67,80.25,NULL,NULL,13.5,5.17,NULL
195,Punta Cana,Dominican Republic,NULL,55.6,60.19,72.75,NULL,8.92,0.0,76.96,NULL
196,Santo Domingo,Dominican Republic,22.26,31.95,51.42,67.82,45.70,14.45,38.0,76.71,78.89
197,Cuenca,Ecuador,30.43,60.13,82.21,98.36,34.28,13.11,35.2,43.91,144.50
198,Guayaquil,Ecuador,31.12,30.96,52.16,86.21,38.90,13.92,34.86,69.14,96.20
199,Loja,Ecuador,NULL,76.74,81.48,NULL,NULL,NULL,20.0,17.24,NULL
200,Quito,Ecuador,28.85,39.11,67.59,98.97,41.12,13.18,42.66,66.1,108.42
201,Santo Domingo,Ecuador,22.26,31.95,51.42,67.82,45.70,14.45,38.0,76.71,78.89
202,Al Jizah,Egypt,NULL,61.16,34.72,88.26,NULL,20.39,60.0,73.28,NULL
203,Aswan,Egypt,NULL,69.49,38.89,38.72,NULL,NULL,9.0,41.38,NULL
204,Cairo,Egypt,24.41,50.3,44.98,88.45,32.18,11.15,50.37,91.51,81.83
205,Dahab,Egypt,NULL,60.29,91.67,68.51,NULL,NULL,10.0,23.56,NULL
206,Hurghada,Egypt,17.48,66.37,76.85,68.95,31.86,9.04,10.0,58.56,137.63
207,Luxor,Egypt,NULL,56.25,38.89,47.50,NULL,13.97,60.0,37.93,NULL
208,Sharm El Sheikh,Egypt,14.15,70.56,68.89,68.51,31.54,11.65,17.0,25.23,151.21
209,San Salvador,El Salvador,22.95,28.13,51.89,86.60,44.30,13.08,44.05,89.8,73.47
210,Tallinn,Estonia,66.16,77.25,71.72,64.28,55.03,9.33,26.74,22.54,171.98
211,Addis Ababa,Ethiopia,9.82,51.59,52.14,96.82,50.45,27.60,55.67,79.79,69.18
212,Bahir Dar,Ethiopia,NULL,21.32,27.78,NULL,NULL,NULL,40.0,58.62,NULL
213,Nadi,Fiji,NULL,55.88,40.28,82.11,NULL,NULL,95.0,53.69,NULL
214,Suva,Fiji,44.91,46.08,50.38,71.89,38.72,12.76,34.82,51.81,116.53
215,Helsinki,Finland,81.27,74.23,77.2,62.79,76.68,13.53,29.65,13.65,176.32
216,Joensuu,Finland,94.91,74.98,65.05,45.58,69.64,4.49,35.0,3.88,185.13
217,Oulu,Finland,101.03,63.26,74.11,46.38,70.06,5.92,18.89,15.81,184.25
218,Rovaniemi,Finland,NULL,77.39,75.0,34.01,NULL,4.18,15.0,6.29,NULL
219,Vaasa,Finland,90.52,78.5,63.49,56.23,70.62,4.94,24.33,10.06,188.72
220,Ajaccio,France,NULL,79.12,43.06,94.92,NULL,8.16,20.0,33.33,NULL
221,Antibes,France,NULL,80.2,69.44,94.34,NULL,8.61,42.0,39.53,NULL
222,Bordeaux,France,80.41,52.94,83.29,93.30,77.57,9.92,31.56,39.27,163.41
223,Brest,France,NULL,46.1,87.4,93.14,NULL,NULL,35.0,28.07,NULL
224,Ivrysurseine,France,NULL,25.0,72.22,NULL,NULL,16.20,32.0,43.1,NULL
225,La Rochelle,France,NULL,76.41,61.11,NULL,NULL,NULL,75.0,10.0,NULL
226,Limoges,France,NULL,68.68,62.73,NULL,NULL,2.29,15.0,1.72,NULL
227,Lyon,France,83.05,51.2,78.28,88.51,77.57,8.78,35.92,50.96,151.16
228,Marseille,France,91.28,38.45,84.53,92.70,74.11,6.05,32.77,73.84,141.38
229,Metz,France,NULL,52.52,80.56,83.95,NULL,6.08,32.5,37.74,NULL
230,Montpellier,France,NULL,46.91,86.11,92.22,NULL,6.17,32.92,42.63,NULL
231,Mulhouse,France,76.50,43.73,69.44,85.28,81.12,4.44,30.0,18.97,168.47
232,Nancy,France,NULL,70.74,73.61,84.15,NULL,6.16,33.33,55.28,NULL
233,Nantes,France,92.90,41.19,75.86,91.59,71.77,8.07,25.93,29.62,170.68
234,Nice,France,65.79,44.4,87.2,95.11,84.11,13.08,40.19,47.32,141.96
235,Paris,France,78.90,45.17,80.16,88.39,83.98,20.08,42.36,63.26,123.84
236,Pau,France,NULL,62.17,84.72,NULL,NULL,4.37,9.0,43.1,NULL
237,Rennes,France,82.08,47.89,91.11,90.40,71.01,8.08,23.25,39.97,169.90
238,Rueilmalmaison,France,NULL,72.79,83.33,NULL,NULL,NULL,42.5,39.08,NULL
239,Strasbourg,France,93.88,66.67,89.19,84.71,75.41,7.54,23.2,38.93,182.16
240,Toulouse,France,90.40,52.56,84.81,91.87,75.76,7.81,30.83,40.91,168.91
241,Versailles,France,108.38,88.24,88.89,82.07,73.99,10.66,19.0,17.24,211.33
242,Papeete,French Polynesia,36.78,75.37,94.44,83.50,94.28,23.26,30.0,36.64,145.90
243,Libreville,Gabon,18.25,44.63,33.89,68.21,61.39,114.39,16.35,80.32,0.00
244,Tbilisi,Georgia,30.78,75.03,53.34,84.20,29.76,12.99,37.57,74.24,114.99
245,Bamberg,Germany,108.67,73.88,61.11,78.33,59.21,6.47,30.75,9.77,196.68
246,Berlin,Germany,107.97,58.22,69.44,83.35,68.55,8.96,33.93,38.68,169.29
247,Cologne,Germany,87.50,56.44,73.1,84.85,68.96,10.19,36.39,40.74,158.30
248,Dessau,Germany,NULL,51.47,45.83,NULL,NULL,2.87,45.0,30.34,NULL
249,Dusseldorf,Germany,105.12,68.87,73.04,86.37,66.88,10.69,30.3,32.66,180.19
250,Frankfurt,Germany,110.94,56.01,74.85,84.72,70.93,11.31,25.01,36.74,175.16
251,Hamburg,Germany,99.31,56.99,75.18,82.75,69.27,11.18,34.69,30.74,169.94
252,Jena,Germany,94.71,85.03,63.89,78.77,68.90,7.66,25.0,30.0,185.16
253,Lbeck,Germany,82.84,62.66,68.06,83.53,67.46,8.32,55.0,11.49,169.30
254,Munich,Germany,98.96,82.44,77.79,75.98,75.65,15.72,32.92,24.96,180.86
255,Passau,Germany,NULL,71.71,62.5,NULL,NULL,7.25,23.0,16.03,NULL
256,Stuttgart,Germany,108.20,70.96,72.11,81.07,67.08,10.01,34.12,45.58,170.46
257,Wolfsburg,Germany,137.35,70.77,75.0,82.99,71.50,4.55,50.0,3.23,209.13
258,Accra,Ghana,20.03,53.57,61.36,67.03,39.99,68.32,49.0,93.65,22.42
259,Kumasi,Ghana,NULL,62.72,83.33,74.70,NULL,NULL,3.0,63.1,NULL
260,Gibraltar,Gibraltar,88.90,83.62,67.22,66.59,67.19,10.56,20.0,70.47,152.20
261,Athens,Greece,38.85,44.25,56.73,95.18,57.46,12.05,38.11,57.33,117.02
262,Chania,Greece,40.08,80.08,58.33,96.95,56.15,9.67,32.43,25.28,163.37
263,Corfu,Greece,34.83,80.75,42.94,94.54,60.69,9.84,20.0,31.66,155.98
264,Crete,Greece,NULL,81.07,87.78,96.99,NULL,NULL,30.0,40.47,NULL
265,Heraklion,Greece,36.94,75.88,74.18,97.92,57.17,13.00,20.0,36.15,162.21
266,Kos,Greece,NULL,84.09,65.74,97.18,NULL,9.46,5.0,9.2,NULL
267,Mytilene,Greece,39.73,80.88,55.56,95.44,58.79,8.28,29.33,18.97,168.90
268,Naousa,Greece,39.80,74.51,88.89,NULL,62.23,33.24,64.0,1.72,NULL
269,Rethymno,Greece,NULL,80.57,63.47,97.38,NULL,14.47,3.0,22.47,NULL
270,Rhodes,Greece,NULL,74.46,37.04,96.93,NULL,13.29,15.6,26.35,NULL
271,Samos,Greece,NULL,92.65,43.06,NULL,NULL,9.23,22.0,10.34,NULL
272,Thessaloniki,Greece,37.23,46.37,55.79,88.39,58.45,11.24,29.19,64.1,115.45
273,Nuuk,Greenland,NULL,73.86,79.17,24.01,NULL,10.78,18.75,59.96,NULL
274,Grenada,Grenada,NULL,84.95,83.33,65.33,NULL,9.79,40.0,35.34,NULL
275,Hagatna,Guam,NULL,29.51,50.0,NULL,NULL,NULL,45.0,23.28,NULL
276,Guatemala City,Guatemala,25.24,37.26,61.9,99.89,44.48,14.26,48.19,72.38,95.72
277,Saint Peter Port,Guernsey,62.09,73.74,56.94,94.61,87.90,10.07,10.0,27.59,173.77
278,St Peter Port,Guernsey,53.70,86.58,52.78,94.99,124.53,9.19,20.0,0.0,185.91
279,Georgetown,Guyana,18.10,29.24,35.71,65.81,48.14,36.75,52.0,66.84,45.96
280,La Paz,Honduras,37.06,46.18,45.83,55.46,37.54,9.83,59.2,81.66,77.11
281,Tegucigalpa,Honduras,31.13,26.05,45.85,98.65,39.85,9.69,22.43,84.92,95.19
282,Hong Kong,Hong Kong,66.94,78.01,66.26,83.64,80.16,46.69,42.56,67.74,99.02
283,Budapest,Hungary,52.76,64.59,51.24,78.41,43.83,14.73,39.0,54.37,125.17
284,Vac,Hungary,NULL,78.92,50.0,77.43,NULL,10.91,13.5,5.17,NULL
285,Rd,Hungary,61.03,70.1,44.44,77.71,39.25,8.97,22.5,47.13,147.58
286,Akureyri,Iceland,103.79,77.69,65.74,58.34,84.59,4.42,18.0,30.23,184.08
287,Reykjavik,Iceland,73.80,78.01,66.89,68.81,96.62,7.24,19.96,15.01,181.32
288,Agartala,India,49.94,75.49,50.56,69.93,24.00,5.27,19.5,50.76,150.00
289,Ahmedabad,India,37.34,67.35,66.43,49.27,25.97,11.10,38.43,73.19,109.91
290,Ajmer,India,NULL,61.76,48.61,NULL,NULL,9.17,7.5,63.22,NULL
291,Allahabad,India,62.83,61.99,18.98,55.93,21.98,7.03,65.0,90.25,80.46
292,Amravati,India,NULL,46.06,79.17,59.20,NULL,18.96,25.0,68.61,NULL
293,Amritsar,India,39.05,62.7,70.37,69.46,24.91,22.96,33.29,86.04,98.81
294,Bangalore,India,99.48,45.34,66.13,89.39,28.01,5.90,52.82,83.18,128.14
295,Belgaum,India,30.09,46.27,36.57,83.09,20.22,14.95,12.25,73.1,105.67
296,Bhilai,India,49.30,72.17,75.13,NULL,20.61,5.52,8.0,65.2,NULL
297,Bhopal,India,41.10,53.75,53.35,66.57,22.99,7.69,33.12,58.97,120.98
298,Bhubaneswar,India,51.51,66.83,70.97,50.25,23.04,8.57,29.08,49.2,140.94
299,Bikaner,India,33.50,56.86,94.44,NULL,23.45,13.72,35.0,49.32,NULL
300,Chennai,India,45.66,59.72,70.26,53.22,25.92,15.53,47.53,75.33,101.86
301,Coimbatore,India,43.03,60.04,70.76,78.10,23.22,10.00,47.5,63.1,123.43
302,Delhi,India,56.31,40.27,67.18,58.90,27.73,17.27,57.37,90.52,80.09
303,Durgapur,India,55.72,86.76,65.28,NULL,21.95,3.69,12.0,77.59,NULL
304,Eluru,India,NULL,73.53,83.33,53.76,NULL,47.92,15.0,58.76,NULL
305,Ernakulam,India,46.56,76.96,74.49,58.87,24.15,11.74,40.75,79.53,118.97
306,Ghaziabad,India,54.39,39.19,56.81,65.98,27.46,6.61,56.67,93.3,86.18
307,Goa,India,36.00,55.97,61.94,68.49,27.88,10.12,46.14,48.47,121.70
308,Gorakhpur,India,NULL,58.29,47.22,NULL,NULL,20.00,62.5,69.18,NULL
309,Gurgaon,India,72.08,44.32,65.42,59.87,34.04,7.48,38.11,91.57,106.13
310,Guwahati,India,37.38,55.41,64.79,71.86,25.84,11.02,30.0,76.61,112.85
311,Gwalior,India,46.31,52.63,61.81,53.87,21.23,7.19,37.0,83.01,104.36
312,Hubli,India,47.80,39.2,22.78,83.04,21.58,6.41,41.67,81.74,91.62
313,Hyderabad,India,52.02,56.36,65.33,73.54,26.32,8.70,42.8,76.29,116.04
314,Imphal,India,35.88,80.15,68.98,NULL,23.46,16.69,25.0,62.01,NULL
315,Indore,India,39.32,51.18,51.8,74.26,24.16,11.34,35.95,61.51,114.06
316,Jabalpur,India,51.70,56.41,55.56,68.72,23.50,6.49,22.5,65.42,130.31
317,Jalandhar,India,26.79,45.17,64.68,66.12,24.60,11.52,44.29,80.51,91.42
318,Jalgaon,India,NULL,72.79,63.89,NULL,NULL,6.80,110.0,74.82,NULL
319,Jammu,India,58.53,60.09,45.83,73.61,21.81,6.45,31.67,66.01,127.85
320,Jodhpur,India,41.65,70.49,70.09,52.16,25.45,8.76,10.0,75.45,130.73
321,Kakinada,India,NULL,81.39,66.67,NULL,NULL,7.51,15.0,42.67,NULL
322,Kanpur,India,38.88,52.39,65.2,69.24,20.62,19.90,31.71,91.03,92.40
323,Kolhapur,India,NULL,80.53,95.83,NULL,NULL,11.46,33.33,56.02,NULL
324,Kolkata,India,40.59,53.09,57.43,60.90,25.64,11.76,60.36,78.33,89.33
325,Kota,India,55.22,68.72,59.26,54.26,22.35,5.34,41.0,69.55,123.80
326,Kurnool,India,33.84,63.68,71.3,NULL,21.42,10.04,27.0,67.11,NULL
327,Lucknow Lakhnau,India,50.01,50.48,62.09,59.46,25.07,8.40,45.93,78.11,103.95
328,Ludhiana,India,35.50,47.08,67.55,NULL,25.00,11.47,21.09,86.11,NULL
329,Malappuram,India,NULL,62.99,94.44,NULL,NULL,NULL,0.0,109.48,NULL
330,Mangalore,India,43.42,74.69,78.16,66.65,23.58,8.49,31.84,45.81,150.88
331,Mumbai,India,45.83,55.32,65.03,71.48,29.17,37.00,54.65,83.58,72.87
332,Nagpur,India,42.66,62.19,65.45,55.82,24.16,8.74,28.72,61.38,126.51
333,Nashik,India,41.87,77.04,88.89,NULL,22.43,10.43,23.8,43.63,NULL
334,Noida,India,56.74,42.03,66.78,58.90,29.08,6.85,44.96,92.43,96.19
335,Palakkad,India,38.99,56.62,50.0,79.79,21.87,9.33,52.0,34.55,129.95
336,Panaji,India,50.63,62.48,76.85,NULL,27.43,9.03,45.0,75.86,NULL
337,Patna,India,37.17,50.45,54.01,61.71,23.70,11.65,27.0,89.2,95.29
338,Pune,India,55.38,58.13,66.21,74.32,27.24,11.78,43.78,71.07,118.71
339,Raipur,India,63.28,70.12,55.83,61.82,24.48,6.91,31.83,87.36,119.80
340,Ranchi,India,41.02,51.01,44.44,77.75,26.69,8.28,38.43,62.31,113.91
341,Shillong,India,NULL,50.7,66.67,71.13,NULL,NULL,38.75,49.56,NULL
342,Shimla,India,NULL,66.42,71.67,NULL,NULL,21.96,95.0,48.98,NULL
343,Silchar,India,NULL,61.76,47.22,NULL,NULL,NULL,50.0,65.52,NULL
344,Siliguri,India,57.66,59.41,69.44,71.47,25.33,5.20,15.0,70.24,142.30
345,Srinagar,India,50.53,57.2,70.11,85.53,23.03,36.78,40.0,36.86,121.71
346,Thiruvananthapuram,India,74.76,60.17,60.81,64.78,20.70,5.66,42.38,56.82,139.10
347,Udupi,India,39.69,30.88,91.67,67.19,23.56,8.37,15.0,48.28,139.97
348,Varanasi,India,51.22,65.04,72.62,53.92,22.96,8.59,98.0,88.45,81.18
349,Vasai,India,53.36,60.29,47.22,NULL,25.73,13.97,20.0,31.9,NULL
350,Visakhapatnam,India,42.80,62.57,68.67,NULL,23.30,7.75,35.39,65.98,NULL
351,Bali,Indonesia,14.53,51.36,62.16,64.28,43.08,15.26,26.62,76.09,94.18
352,Balikpapan,Indonesia,NULL,74.12,58.33,59.98,NULL,NULL,18.5,35.06,NULL
353,Banda Aceh,Indonesia,NULL,63.75,51.39,NULL,NULL,NULL,17.0,25.86,NULL
354,Batam,Indonesia,19.13,50.53,47.78,64.23,36.43,19.60,17.8,60.38,101.04
355,Denpasar,Indonesia,15.01,71.28,61.85,64.28,35.52,18.81,23.89,71.74,105.68
356,Indonesia,Indonesia,NULL,34.03,36.11,57.66,NULL,NULL,25.0,31.32,NULL
357,Jakarta,Indonesia,25.92,46.28,56.76,63.76,41.14,21.81,52.88,84.42,68.82
358,Makassar,Indonesia,23.34,50.14,64.81,74.83,33.80,16.09,43.33,57.59,105.74
359,Malang,Indonesia,23.64,71.16,65.08,66.98,28.32,9.84,30.5,30.39,145.21
360,Medan,Indonesia,27.84,47.7,60.56,60.65,30.57,24.48,30.05,74.25,87.36
361,Padang,Indonesia,NULL,84.31,30.56,NULL,NULL,NULL,27.5,33.62,NULL
362,Pekanbaru,Indonesia,NULL,66.58,77.78,60.24,NULL,NULL,20.0,29.77,NULL
363,Semarang,Indonesia,16.90,61.09,58.33,66.53,34.50,22.98,27.4,49.9,109.41
364,Surabaya,Indonesia,23.23,66.24,69.29,55.68,34.60,26.41,36.79,55.29,103.57
365,Yogyakarta,Indonesia,12.62,59.91,71.92,66.55,30.21,25.54,29.0,61.24,102.07
366,Kerman,Iran,15.06,61.89,61.11,51.90,49.90,57.41,15.0,46.84,77.59
367,Mashhad,Iran,25.48,52.62,55.32,70.30,32.30,22.02,34.75,69.96,92.80
368,Rasht,Iran,NULL,69.32,69.35,92.26,NULL,24.92,52.5,50.56,NULL
369,Shiraz,Iran,18.99,51.08,66.19,57.58,41.91,19.68,29.17,51.68,105.89
370,Tabriz,Iran,23.22,66.42,40.87,67.58,80.37,35.31,31.46,67.24,77.47
371,Tehran,Iran,14.11,45.11,52.69,70.99,32.02,45.15,53.06,81.34,43.83
372,Ad Diwaniyah,Iraq,NULL,26.47,100.0,60.51,NULL,6.51,40.0,63.22,NULL
373,An Najaf,Iraq,NULL,49.75,75.0,NULL,NULL,11.23,28.0,0.0,NULL
374,As Sulaymaniyah,Iraq,37.66,76.14,51.22,NULL,37.67,7.52,22.5,46.73,NULL
375,Baghdad,Iraq,37.94,37.76,33.12,36.50,35.22,12.38,57.17,91.34,54.09
376,Karbala,Iraq,NULL,52.94,0.0,43.24,NULL,9.68,12.5,102.59,NULL
377,Kirkuk,Iraq,NULL,72.06,66.67,NULL,NULL,NULL,10.0,75.0,NULL
378,Cork,Ireland,83.49,64.49,58.04,89.78,75.63,5.59,34.57,26.37,170.76
379,Dublin,Ireland,80.46,48.29,51.84,85.89,78.51,8.35,40.57,40.7,142.07
380,Malahide,Ireland,NULL,51.11,88.89,NULL,NULL,NULL,15.0,27.59,NULL
381,Douglas,Isle Of Man,138.71,83.42,72.81,91.32,72.79,4.41,5.0,16.19,231.77
382,Haifa,Israel,78.43,72.66,74.27,93.57,86.64,8.32,29.7,74.79,146.91
383,Tel Avivyafo,Israel,69.31,73.84,74.67,93.88,94.06,20.37,36.94,46.98,146.24
384,Alba Adriatica,Italy,NULL,31.99,36.11,NULL,NULL,NULL,0.0,53.45,NULL
385,Anzio Rome,Italy,NULL,68.87,81.48,94.35,NULL,5.79,100.0,60.34,NULL
386,Aosta,Italy,NULL,77.94,94.44,NULL,NULL,6.38,32.0,28.74,NULL
387,Bari,Italy,67.41,48.63,51.08,95.02,61.15,7.03,17.43,50.03,148.17
388,Barletta,Italy,59.48,50.29,69.44,NULL,53.77,8.03,58.5,40.46,NULL
389,Bologna,Italy,62.43,54.39,79.41,88.12,68.43,10.15,32.66,56.28,142.46
390,Cagliari,Italy,57.89,62.97,69.46,95.89,65.22,7.26,30.4,34.81,162.20
391,Catania,Italy,57.11,38.98,59.39,93.96,56.86,7.55,40.31,71.21,116.55
392,Chieti,Italy,NULL,70.59,86.11,90.36,NULL,3.88,13.0,35.29,NULL
393,Como,Italy,56.17,70.78,62.59,84.60,78.25,9.63,30.0,50.52,144.96
394,Genoa,Italy,51.70,58.24,71.72,95.00,72.14,8.03,35.04,53.91,141.45
395,Lecce,Italy,58.73,67.07,75.56,93.52,59.54,5.89,19.33,42.78,168.39
396,Matera,Italy,NULL,77.09,97.22,91.89,NULL,7.64,30.0,0.0,NULL
397,Messina,Italy,NULL,62.87,22.22,97.52,NULL,7.48,60.0,47.41,NULL
398,Mestre,Italy,NULL,38.24,62.04,NULL,NULL,4.12,23.0,70.69,NULL
399,Milan,Italy,55.41,55.94,72.0,88.12,73.25,16.12,36.5,67.43,121.66
400,Olbia,Italy,NULL,52.94,27.78,94.59,NULL,7.11,5.0,33.62,NULL
401,Palermo,Italy,59.35,53.02,61.71,97.63,56.94,6.59,33.5,67.24,133.62
402,Pisa,Italy,51.70,49.29,69.14,92.61,68.27,12.68,15.62,53.09,141.14
403,Ragusa,Italy,58.04,60.05,45.37,NULL,55.89,5.62,49.33,68.97,NULL
404,Reggio Di Calabria,Italy,NULL,56.67,41.81,96.88,NULL,3.00,25.5,77.7,NULL
405,Rome,Italy,51.54,47.2,60.46,93.70,71.37,16.70,41.47,66.4,110.80
406,Siracusa,Italy,NULL,58.14,52.78,96.89,NULL,3.61,60.0,68.03,NULL
407,Trieste,Italy,61.34,75.5,67.2,92.64,70.83,7.22,30.5,42.1,162.43
408,Turin,Italy,67.12,50.13,67.04,85.66,64.95,7.22,29.52,70.31,131.93
409,Abidjan,Ivory Coast,5.97,42.96,38.49,65.12,47.84,50.37,42.5,98.46,18.93
410,Cambridge,Jamaica,92.68,71.06,74.47,91.37,72.56,8.73,33.56,32.18,178.62
411,Kingston,Jamaica,25.23,29.67,51.1,71.58,50.61,11.98,55.38,72.11,76.41
412,Negril,Jamaica,NULL,41.18,30.56,69.01,NULL,196.87,23.0,43.1,NULL
413,Ocho Rios,Jamaica,NULL,67.28,37.5,NULL,NULL,NULL,20.0,57.16,NULL
414,Portmore,Jamaica,NULL,28.41,100.0,80.74,NULL,12.70,68.5,70.99,NULL
415,Richmond,Jamaica,135.36,54.11,73.86,81.27,67.68,4.01,21.96,31.14,195.31
416,Fukuoka,Japan,68.09,82.01,80.0,86.35,87.83,10.89,44.5,41.24,159.61
417,Hiroshima,Japan,NULL,68.64,91.67,87.10,NULL,NULL,45.0,25.98,NULL
418,Kanazawa,Japan,NULL,97.06,77.78,85.29,NULL,7.35,30.0,1.72,NULL
419,Kobe,Japan,NULL,86.22,86.67,87.20,NULL,7.40,48.0,26.61,NULL
420,Kyoto,Japan,73.41,87.86,83.33,84.41,76.11,13.05,33.33,38.15,172.00
421,Nagoya,Japan,52.57,89.57,83.6,86.22,82.67,7.25,14.0,31.53,184.45
422,Okinawa,Japan,89.40,78.61,87.5,80.64,74.46,8.77,18.33,24.46,195.25
423,Osaka,Japan,82.09,67.21,79.72,84.32,77.15,11.99,27.33,54.83,156.51
424,Otsu,Japan,NULL,89.71,63.89,84.42,NULL,NULL,30.0,0.0,NULL
425,Sapporo,Japan,NULL,93.01,100.0,72.32,NULL,6.11,51.0,22.84,NULL
426,Sendai,Japan,NULL,88.36,80.56,87.62,NULL,NULL,47.5,12.59,NULL
427,Tokyo,Japan,89.22,76.3,80.09,85.26,86.97,13.15,42.19,42.31,163.14
428,Saint Helier,Jersey,80.53,74.09,53.28,94.34,93.60,11.32,28.75,40.47,159.99
429,Amman,Jordan,29.82,61.92,65.67,89.05,52.41,8.83,42.39,75.68,113.12
430,Aktobe,Kazakhstan,NULL,44.12,52.78,27.93,NULL,10.83,18.0,93.1,NULL
431,Almaty,Kazakhstan,33.98,34.76,47.59,58.30,29.66,11.69,38.98,78.45,83.00
432,Pavlodar,Kazakhstan,27.25,39.22,86.11,NULL,25.00,8.52,30.0,96.55,NULL
433,Kisumu,Kenya,NULL,89.71,44.44,97.59,NULL,NULL,20.0,0.0,NULL
434,Mombasa,Kenya,NULL,31.87,83.47,74.35,NULL,NULL,60.0,73.56,NULL
435,Nairobi,Kenya,28.44,41.07,61.54,99.79,36.21,22.83,56.62,79.72,81.88
436,Pristina,Kosovo Disputed Territory,48.70,67.83,65.28,76.84,25.25,10.76,21.92,71.07,133.50
437,Ardiya,Kuwait,NULL,94.12,58.33,20.18,NULL,NULL,10.0,89.66,NULL
438,Assalimiyah,Kuwait,74.05,50.0,56.94,22.79,53.59,7.50,33.5,22.41,140.44
439,Kuwait City,Kuwait,68.76,69.2,59.62,20.22,48.08,15.75,32.11,65.81,112.21
440,Bishkek,Kyrgyzstan,21.98,43.06,52.35,58.11,25.22,15.89,33.22,73.38,86.69
441,Vientiane,Laos,NULL,68.59,33.73,74.16,NULL,23.94,21.5,81.14,NULL
442,Riga,Latvia,52.42,62.25,61.22,74.70,50.95,8.81,31.86,37.6,146.58
443,Beirut,Lebanon,15.99,52.88,64.94,94.74,113.91,19.41,39.82,93.51,77.34
444,Tripoli,Lebanon,33.54,36.32,48.17,96.54,54.66,11.88,27.44,62.74,110.13
445,Maseru,Lesotho,NULL,33.4,55.56,91.79,NULL,NULL,80.0,66.32,NULL
446,Monrovia,Liberia,122.27,17.73,38.89,63.71,81.18,5.51,30.0,95.69,102.14
447,Benghazi,Libya,26.79,37.61,50.83,95.91,42.24,6.24,18.0,71.26,114.85
448,Tripoli,Libya,33.54,36.32,48.17,96.54,54.66,11.88,27.44,62.74,110.13
449,Kaunas,Lithuania,64.18,62.27,74.09,68.94,43.27,9.12,24.04,25.76,166.78
450,Vilnius,Lithuania,61.98,72.91,73.01,66.59,46.48,11.95,27.68,23.84,166.31
451,Luxembourg,Luxembourg,104.16,70.25,73.05,82.62,82.08,13.01,34.1,21.18,181.16
452,Macao,Macao,66.96,77.36,49.54,81.70,69.43,23.59,16.56,62.47,132.05
453,Taipa,Macao,NULL,83.92,44.44,NULL,NULL,NULL,20.0,107.76,NULL
454,Antananarivo,Madagascar,16.44,37.83,37.3,99.27,30.70,21.43,23.5,94.26,74.41
455,Lilongwe,Malawi,NULL,49.56,34.72,98.58,NULL,NULL,20.34,81.38,NULL
456,Alor Setar,Malaysia,NULL,60.54,72.22,58.15,NULL,NULL,10.0,34.74,NULL
457,Ampang Jaya,Malaysia,39.98,64.22,72.22,NULL,36.41,11.66,30.0,55.17,NULL
458,Bukit Mertajam,Malaysia,NULL,64.36,77.78,59.49,NULL,NULL,23.5,43.97,NULL
459,George Town,Malaysia,54.90,67.65,81.54,58.15,33.90,8.58,25.0,55.46,146.34
460,Johor Bahru,Malaysia,58.85,43.56,63.64,64.46,38.99,7.20,36.44,59.6,123.21
461,Kota Bharu,Malaysia,NULL,45.74,77.78,NULL,NULL,7.08,10.0,46.26,NULL
462,Kota Kinabalu,Malaysia,45.55,47.3,66.91,58.69,38.41,12.04,42.2,61.96,109.91
463,Kuala Lumpur,Malaysia,66.52,35.92,67.64,56.55,38.70,8.82,41.78,66.59,112.50
464,Kuala Terengganu,Malaysia,NULL,71.11,37.96,56.86,NULL,NULL,21.67,60.49,NULL
465,Kuching,Malaysia,30.95,52.39,78.33,59.17,40.44,16.46,26.91,50.0,122.34
466,Miri,Malaysia,42.09,58.45,66.67,59.92,43.99,10.34,24.0,42.8,137.43
467,Penang,Malaysia,65.52,63.44,77.73,59.28,37.50,8.35,31.47,52.49,145.95
468,Sungai Petani,Malaysia,NULL,48.56,100.0,59.28,NULL,NULL,35.0,68.1,NULL
469,Maldives,Maldives,27.44,35.38,40.59,58.08,58.62,17.10,21.75,80.87,76.51
470,Male,Maldives,27.44,35.38,40.59,58.08,58.62,17.10,21.75,80.87,76.51
471,Birkirkara,Malta,41.63,52.12,59.72,98.20,69.72,10.91,16.0,88.22,114.64
472,Bugibba,Malta,NULL,37.58,72.22,98.28,NULL,7.92,25.0,68.62,NULL
473,Gozo,Malta,45.17,78.33,79.17,97.70,57.06,6.89,7.0,27.59,186.98
474,Gzira,Malta,39.12,42.54,14.68,98.20,82.09,15.10,15.0,111.67,70.27
475,Marsascala,Malta,NULL,73.09,79.17,98.20,NULL,15.76,34.0,50.0,NULL
476,Mosta,Malta,70.30,76.69,87.04,97.35,59.22,6.40,32.0,70.4,158.48
477,Msida,Malta,NULL,31.66,68.06,98.10,NULL,10.38,13.0,64.94,NULL
478,San Gwann,Malta,42.30,65.81,77.78,97.70,70.42,14.89,20.0,62.93,139.61
479,Sliema,Malta,49.16,66.46,60.61,97.44,73.99,12.30,23.64,83.48,122.45
480,Valletta,Malta,30.82,62.62,49.58,97.44,86.32,28.23,34.0,74.23,92.60
481,Curepipe,Mauritius,NULL,58.82,83.33,88.81,NULL,4.39,61.0,67.24,NULL
482,Phoenix,Mauritius,132.84,48.27,67.15,53.76,69.42,3.25,32.62,55.98,158.23
483,Port Louis,Mauritius,24.82,42.06,56.75,88.41,45.85,10.45,68.0,62.25,92.60
484,Vacoas,Mauritius,NULL,62.5,40.97,88.25,NULL,4.65,20.0,48.28,NULL
485,Acapulco,Mexico,NULL,36.41,61.81,NULL,NULL,12.03,20.0,75.0,NULL
486,Apodaca,Mexico,NULL,48.42,53.47,37.30,NULL,4.97,45.0,53.45,NULL
487,Cancun,Mexico,38.30,45.48,76.1,77.70,36.78,7.05,27.45,41.61,142.20
488,Chihuahua,Mexico,69.45,41.22,73.28,79.66,33.79,2.38,18.75,32.9,167.18
489,Ciudad Juarez,Mexico,65.33,32.52,67.22,72.45,34.30,9.58,26.0,53.62,131.67
490,Ciudad Del Carmen,Mexico,NULL,53.82,63.89,74.38,NULL,NULL,37.0,57.64,NULL
491,Cozumel,Mexico,29.45,65.83,72.92,82.12,32.87,4.53,10.5,44.25,158.66
492,Culiacan,Mexico,41.94,29.82,60.42,70.43,33.09,6.82,32.75,42.13,124.74
493,Durango,Mexico,33.93,62.4,68.98,82.51,33.12,14.01,15.0,31.53,154.03
494,Ensenada,Mexico,NULL,64.92,92.76,96.82,NULL,9.75,37.0,39.26,NULL
495,Guadalajara,Mexico,35.17,38.69,79.79,92.83,32.53,8.44,40.72,62.82,122.34
496,Hermosillo,Mexico,37.26,52.46,76.12,51.33,38.03,8.74,33.67,45.64,128.89
497,La Paz,Mexico,29.45,64.74,78.9,71.02,41.48,6.59,21.67,39.08,151.76
498,La Paz,Mexico,37.06,46.18,45.83,55.46,37.54,9.83,59.2,81.66,77.11
499,Leon,Mexico,NULL,31.92,72.64,37.94,NULL,4.55,37.67,58.56,NULL
500,Mazatlan,Mexico,43.94,54.3,81.38,89.89,32.58,11.72,10.0,59.41,147.65
501,Merida,Mexico,34.60,74.5,86.61,66.32,33.55,15.52,30.36,39.54,147.43
502,Mexicali,Mexico,39.24,40.06,71.1,50.94,34.19,7.61,34.12,73.45,104.09
503,Mexico City,Mexico,36.96,30.94,65.29,92.37,35.36,14.29,52.05,82.41,88.37
504,Monterrey,Mexico,42.56,52.33,68.46,80.37,36.85,9.11,31.3,70.49,121.93
505,Playa Del Carmen,Mexico,NULL,49.48,77.78,82.12,NULL,11.15,28.33,37.72,NULL
506,Puerto Vallarta,Mexico,26.65,64.42,88.45,82.19,36.35,16.39,22.7,59.96,134.30
507,Puerto Vallarta,Mexico,26.65,64.42,88.45,82.19,36.35,16.39,22.7,59.96,134.30
508,Queretaro,Mexico,50.07,64.0,77.05,94.46,33.72,7.44,32.62,36.49,162.89
509,Saltillo,Mexico,54.84,60.45,86.39,92.15,38.32,5.32,39.4,38.33,163.03
510,San Luis Rio Colorado,Mexico,NULL,36.22,83.33,58.44,NULL,5.11,15.0,28.16,NULL
511,San Pedro Garza Garcia,Mexico,55.32,81.21,91.67,NULL,48.27,6.19,24.61,30.86,NULL
512,Tampico,Mexico,42.26,56.15,66.11,78.32,32.40,7.95,21.75,32.76,153.62
513,Tijuana,Mexico,36.22,29.23,74.21,94.58,35.05,5.62,38.25,73.93,112.77
514,Tlaxcala,Mexico,39.51,69.61,58.33,91.86,35.30,3.78,11.0,43.39,162.83
515,Torreon,Mexico,49.30,58.64,75.83,72.17,32.06,4.98,24.18,53.1,147.75
516,Tulum,Mexico,NULL,65.84,62.96,82.05,NULL,14.38,19.0,36.55,NULL
517,Tuxtla Gutierrez,Mexico,34.51,53.1,79.86,82.94,29.24,10.53,32.0,35.69,146.70
518,Valladolid,Mexico,NULL,91.91,91.67,74.48,NULL,4.72,33.0,11.21,NULL
519,Veracruz,Mexico,NULL,54.33,75.23,83.51,NULL,7.56,12.0,34.14,NULL
520,Villahermosa,Mexico,NULL,50.5,45.83,73.07,NULL,5.05,34.0,51.53,NULL
521,Zacatecas,Mexico,NULL,30.26,69.44,85.42,NULL,6.32,15.0,23.23,NULL
522,Chisinau,Moldova,33.99,55.15,50.25,76.91,32.21,10.93,27.55,64.76,115.81
523,Monaco,Monaco,NULL,74.32,75.0,94.90,NULL,50.05,18.33,77.99,NULL
524,Ulaanbaatar,Mongolia,25.56,45.46,45.5,-3.54,34.39,12.30,32.46,93.59,55.61
525,Budva,Montenegro,34.44,71.15,76.39,89.65,38.41,17.52,20.0,23.16,162.99
526,Kotor,Montenegro,NULL,88.24,33.33,89.65,NULL,15.81,19.0,34.48,NULL
527,Podgorica,Montenegro,36.00,52.18,42.24,88.40,38.74,13.82,14.3,50.18,128.55
528,Tivat,Montenegro,NULL,66.6,25.0,89.39,NULL,18.83,5.0,49.08,NULL
529,Agadir,Morocco,28.67,62.94,51.68,96.21,34.72,19.70,31.0,36.19,132.88
530,Casablanca,Morocco,32.47,44.53,44.59,98.08,35.74,15.72,48.09,82.25,87.61
531,Marrakech,Morocco,29.55,57.35,44.49,83.43,39.69,11.78,15.0,85.25,106.01
532,Nador,Morocco,NULL,65.69,0.0,98.44,NULL,5.16,16.0,59.2,NULL
533,Tangier,Morocco,33.55,45.07,25.37,98.39,36.63,12.03,33.67,59.49,106.71
534,Tetouan,Morocco,32.14,62.18,33.89,98.14,30.75,14.24,20.0,37.5,137.90
535,Maputo,Mozambique,NULL,40.35,46.99,94.80,NULL,22.23,25.0,67.37,NULL
536,Yangon,Myanmar,9.50,53.81,47.47,57.78,40.25,15.44,55.0,91.51,60.98
537,Swakopmund,Namibia,NULL,40.78,41.67,97.66,NULL,NULL,60.0,55.17,NULL
538,Walvis Bay,Namibia,NULL,37.45,25.0,98.01,NULL,3.44,26.0,74.86,NULL
539,Windhoek,Namibia,38.85,31.07,63.95,84.97,37.99,6.15,25.53,39.29,136.07
540,Kathmandu,Nepal,22.89,63.67,56.76,92.64,29.47,23.48,36.87,95.37,86.13
541,Amstelveen,Netherlands,97.16,84.04,71.3,87.17,80.61,6.57,16.6,23.13,200.11
542,Amsterdam,Netherlands,91.63,66.28,68.85,87.45,79.64,10.44,29.72,30.75,172.73
543,Best,Netherlands,97.87,95.34,88.09,NULL,63.97,4.93,15.52,5.58,NULL
544,Beverwijk,Netherlands,NULL,21.69,88.89,88.21,NULL,NULL,0.0,27.59,NULL
545,Eindhoven,Netherlands,86.89,75.55,72.65,85.38,77.65,6.46,25.59,22.37,188.12
546,Goes,Netherlands,NULL,91.18,50.0,85.10,NULL,NULL,10.0,6.9,NULL
547,Rotterdam,Netherlands,91.08,63.8,76.88,87.89,75.46,6.52,30.03,42.5,170.96
548,Noumea,New Caledonia,60.20,30.11,54.17,94.73,97.95,8.35,35.0,59.31,117.19
549,Auckland,New Zealand,83.10,54.33,73.27,99.89,80.24,11.24,37.3,29.31,165.56
550,Cambridge,New Zealand,92.68,71.06,74.47,91.37,72.56,8.73,33.56,32.18,178.62
551,Christchurch,New Zealand,89.23,60.12,79.94,88.79,75.34,4.76,22.43,23.08,188.43
552,Dunedin,New Zealand,NULL,79.92,71.0,NULL,NULL,8.68,21.91,19.16,NULL
553,Hamilton,New Zealand,85.02,45.93,80.59,61.06,65.36,8.05,33.03,55.35,141.56
554,Invercargill,New Zealand,NULL,49.98,94.44,NULL,NULL,3.07,27.5,30.93,NULL
555,Napier,New Zealand,NULL,28.66,66.67,NULL,NULL,7.86,7.5,21.08,NULL
556,New Plymouth,New Zealand,119.21,60.65,87.04,NULL,80.68,NULL,15.67,8.97,NULL
557,Queenstown,New Zealand,NULL,79.78,72.22,NULL,NULL,13.30,15.0,12.07,NULL
558,Wellington,New Zealand,92.96,70.91,74.96,97.68,76.94,6.40,27.74,13.46,198.24
559,Granada,Nicaragua,81.66,70.86,73.17,86.55,51.64,7.62,23.3,40.2,174.98
560,Leon,Nicaragua,NULL,31.92,72.64,37.94,NULL,4.55,37.67,58.56,NULL
561,Managua,Nicaragua,21.32,49.53,65.78,68.80,42.28,11.21,53.83,61.0,99.52
562,Abuja,Nigeria,NULL,42.85,56.13,79.42,NULL,21.82,23.67,57.7,NULL
563,Enugu,Nigeria,NULL,29.41,58.33,NULL,NULL,NULL,0.0,111.38,NULL
564,Lagos,Nigeria,8.23,34.23,46.04,60.75,37.04,12.81,66.78,89.52,49.49
565,Skopje,North Macedonia,36.70,53.0,55.58,76.30,34.70,12.96,28.11,82.77,103.18
566,Alesund,Norway,80.77,63.63,77.08,79.56,99.93,5.13,17.67,27.7,179.05
567,Bergen,Norway,86.68,72.06,75.66,78.83,97.39,7.13,23.77,20.41,184.87
568,Bodo,Norway,71.56,60.76,94.44,70.53,104.35,7.98,5.0,6.9,194.78
569,Fredrikstad,Norway,NULL,58.95,95.83,68.61,NULL,6.99,25.0,27.59,NULL
570,Haugesund,Norway,110.66,64.0,74.44,82.30,88.59,3.30,5.0,10.86,211.57
571,Kristiansand,Norway,100.84,55.94,75.56,72.77,95.88,4.59,41.25,10.2,181.18
572,Kristiansund,Norway,NULL,47.06,70.83,77.17,NULL,3.89,41.33,13.79,NULL
573,Molde,Norway,NULL,83.8,72.22,75.62,NULL,4.16,10.0,20.26,NULL
574,Oslo,Norway,84.68,65.6,77.99,59.99,99.44,10.66,31.21,23.47,166.01
575,Sandnes,Norway,82.28,52.19,55.79,NULL,94.63,6.40,12.0,36.21,NULL
576,Stavanger,Norway,84.43,75.52,73.34,79.99,101.81,7.90,24.22,12.29,189.13
577,Tromso,Norway,89.54,67.41,83.18,57.89,96.06,8.42,32.5,18.73,175.33
578,Trondheim,Norway,83.79,79.84,81.82,66.68,96.67,8.93,24.47,9.74,191.07
579,Muscat,Oman,85.90,78.91,59.41,67.22,51.04,4.64,20.8,36.31,175.63
580,Salalah,Oman,NULL,83.04,44.44,81.92,NULL,NULL,21.67,36.64,NULL
581,Sohar,Oman,NULL,85.29,56.48,64.84,NULL,13.91,90.0,33.33,NULL
582,Bahawalpur,Pakistan,NULL,78.19,75.0,50.20,NULL,4.42,12.0,35.52,NULL
583,Hyderabad,Pakistan,52.02,56.36,65.33,73.54,26.32,8.70,42.8,76.29,116.04
584,Islamabad,Pakistan,30.76,70.8,63.81,76.91,21.29,9.66,35.05,41.71,141.75
585,Karachi,Pakistan,30.08,46.64,56.9,71.32,20.78,14.92,41.48,89.97,84.16
586,Lahore,Pakistan,24.48,61.09,63.0,67.56,21.33,14.30,33.78,78.68,102.29
587,Multan,Pakistan,25.49,62.95,60.13,54.02,18.44,8.40,16.5,79.23,112.41
588,Quetta,Pakistan,32.36,43.05,51.39,70.13,17.79,28.36,16.67,91.24,79.10
589,Gaza,Palestine,22.22,55.36,44.44,88.97,48.99,10.27,19.0,84.09,103.27
590,Ramallah,Palestine,36.35,70.09,74.54,95.46,65.39,4.98,29.0,39.66,158.76
591,David,Panama,40.35,62.71,78.8,66.56,45.37,8.54,66.5,34.83,131.65
592,Panama City,Panama,32.58,52.25,59.63,67.84,54.71,11.68,34.61,64.47,108.20
593,Santiago,Panama,31.39,42.54,66.23,90.21,45.70,18.52,37.18,70.0,102.05
594,Port Moresby,Papua New Guinea,7.32,17.87,24.13,71.75,79.68,260.00,31.5,76.16,0.00
595,Asuncion,Paraguay,27.53,50.58,64.28,92.24,30.89,14.89,47.57,69.49,104.67
596,San Antonio,Paraguay,139.98,51.17,71.63,80.58,62.07,1.95,30.29,45.28,183.60
597,Arequipa,Peru,29.80,53.98,50.0,83.90,30.14,17.79,33.0,86.85,91.67
598,Cusco,Peru,26.61,56.87,36.11,82.03,33.27,40.68,25.0,32.76,102.52
599,Lima,Peru,31.72,29.6,58.4,97.69,32.98,16.96,50.04,85.11,81.40
600,Piura,Peru,32.72,55.88,5.56,NULL,23.60,22.62,50.0,89.66,NULL
601,Trujillo,Peru,NULL,39.5,41.67,98.23,NULL,9.95,22.0,60.06,NULL
602,Bacolod,Philippines,NULL,49.72,78.19,NULL,NULL,20.00,32.0,74.59,NULL
603,Cagayan De Oro City,Philippines,23.90,53.06,62.96,81.15,36.90,32.97,17.5,80.95,88.95
604,Cebu,Philippines,17.44,48.15,62.16,60.40,39.93,30.81,35.82,84.33,67.12
605,Davao,Philippines,20.13,72.21,72.21,58.57,39.39,33.50,27.61,58.55,102.29
606,Dumaguete,Philippines,NULL,65.03,70.45,62.09,NULL,19.67,18.71,78.98,NULL
607,Iloilo,Philippines,25.42,58.06,59.43,NULL,33.70,11.35,41.67,71.82,NULL
608,Laoag City,Philippines,NULL,60.88,100.0,68.70,NULL,NULL,0.0,15.52,NULL
609,Manila,Philippines,22.13,35.65,63.26,61.23,41.33,35.89,54.37,89.86,45.28
610,Naga,Philippines,NULL,67.99,75.0,60.40,NULL,NULL,0.0,36.61,NULL
611,San Juan,Philippines,67.23,30.98,63.45,71.25,69.68,5.54,37.46,50.83,126.38
612,Tacloban,Philippines,NULL,60.54,72.22,57.75,NULL,NULL,10.0,46.55,NULL
613,Gdansk,Poland,42.88,66.59,49.93,75.51,47.92,18.35,31.55,59.23,117.19
614,Katowice,Poland,50.94,56.03,41.22,72.49,39.53,12.90,31.04,70.77,109.49
615,Krakow Cracow,Poland,49.53,67.57,52.22,73.86,44.05,17.06,32.09,74.29,112.06
616,Lodz,Poland,42.72,56.06,51.29,77.02,38.16,15.72,35.13,67.19,109.40
617,Poznan,Poland,44.54,67.21,51.58,77.41,41.32,16.80,33.27,65.64,116.53
618,Warsaw,Poland,44.24,71.44,56.91,74.61,54.13,18.09,35.37,61.78,118.67
619,Wroclaw,Poland,48.63,66.79,52.62,78.39,41.41,16.29,33.99,66.61,118.19
620,Albufeira,Portugal,NULL,65.7,45.56,98.00,NULL,13.34,10.0,45.75,NULL
621,Faro,Portugal,46.26,72.27,53.11,98.08,51.81,9.85,28.0,29.45,159.91
622,Funchal,Portugal,47.40,84.61,50.42,99.45,48.94,9.50,19.0,20.97,176.71
623,Lagos,Portugal,8.23,34.23,46.04,60.75,37.04,12.81,66.78,89.52,49.49
624,Lisbon,Portugal,45.37,71.24,72.38,98.59,51.69,18.34,35.93,35.63,150.37
625,Ponta Delgada,Portugal,39.01,78.49,69.91,99.65,49.24,14.88,17.33,7.93,182.27
626,Porto,Portugal,43.48,64.3,75.2,96.61,48.95,13.60,29.51,35.12,155.16
627,Tavira,Portugal,NULL,87.13,88.89,98.00,NULL,10.62,15.0,6.9,NULL
628,San Juan,Puerto Rico,67.23,30.98,63.45,71.25,69.68,5.54,37.46,50.83,126.38
629,Doha,Qatar,88.97,87.58,73.48,36.03,63.25,6.28,30.62,60.3,152.67
630,Kinshasa,Republic Of Congo,14.93,23.14,18.06,82.84,109.23,27.09,75.0,115.52,0.00
631,Brasov,Romania,44.66,74.4,49.76,NULL,36.25,10.52,20.0,34.6,NULL
632,Bucharest,Romania,52.93,72.08,54.81,75.61,39.41,10.14,41.23,75.37,119.40
633,Iasi,Romania,44.26,71.04,56.33,73.04,35.77,11.25,34.26,58.57,129.10
634,Sighetu Marmatiei,Romania,53.71,52.45,76.39,79.54,26.41,5.17,7.5,11.21,185.75
635,Timisoara,Romania,55.81,77.25,72.34,82.05,35.75,9.63,23.6,56.96,154.25
636,Arkhangelsk,Russia,30.40,55.15,54.83,31.17,39.59,14.59,15.4,64.66,102.70
637,Astrakhan,Russia,NULL,79.71,43.56,64.84,NULL,6.38,12.0,60.2,NULL
638,Belgorod,Russia,31.08,68.79,56.94,64.98,31.49,17.74,42.75,35.27,125.48
639,Bryansk,Russia,NULL,59.31,50.69,NULL,NULL,6.08,39.0,75.86,NULL
640,Irkutsk,Russia,37.23,42.54,54.46,4.64,33.44,11.70,29.0,50.83,96.06
641,Izhevsk,Russia,39.10,65.88,50.28,NULL,31.85,10.35,30.17,75.69,NULL
642,Kaliningrad,Russia,30.46,68.02,52.27,73.69,36.95,15.87,33.36,51.88,120.83
643,Kazan,Russia,36.10,66.26,62.35,39.56,33.26,16.71,38.38,63.42,104.19
644,Khabarovsk,Russia,NULL,60.92,44.05,15.90,NULL,15.09,28.75,50.77,NULL
645,Khimki,Russia,NULL,51.47,33.33,56.73,NULL,7.77,77.5,66.67,NULL
646,Kirov,Russia,NULL,75.98,56.02,NULL,NULL,11.21,39.33,45.4,NULL
647,Krasnodar,Russia,35.22,66.55,50.9,78.72,33.62,15.79,53.67,57.94,109.36
648,Krasnoyarsk,Russia,42.15,53.28,45.08,9.50,32.58,9.30,43.59,84.88,73.75
649,Kursk,Russia,NULL,77.45,69.44,66.98,NULL,11.72,14.0,27.59,NULL
650,Magnitogorsk,Russia,NULL,25.0,27.78,25.86,NULL,7.00,40.0,97.02,NULL
651,Makhachkala,Russia,30.87,72.95,41.67,NULL,33.87,7.93,25.0,48.71,NULL
652,Moscow,Russia,49.97,62.1,64.39,55.83,43.05,22.08,51.17,57.27,105.25
653,Murmansk,Russia,NULL,56.47,45.37,23.23,NULL,NULL,45.0,42.36,NULL
654,Nizhny Novgorod,Russia,35.14,68.29,74.13,45.51,34.64,13.57,29.25,34.75,138.20
655,Novokuznetsk,Russia,NULL,40.88,50.0,NULL,NULL,8.02,4.0,86.21,NULL
656,Novorossiysk,Russia,47.14,56.62,56.02,NULL,32.13,8.43,21.67,78.22,NULL
657,Novosibirsk,Russia,37.64,52.75,55.42,16.14,33.18,12.39,41.31,72.39,84.36
658,Omsk,Russia,35.50,63.57,45.99,16.40,32.95,8.83,51.33,80.56,78.36
659,Orenburg,Russia,33.57,61.76,50.0,29.79,36.30,8.26,34.67,71.03,97.66
660,Penza,Russia,NULL,64.71,45.83,47.55,NULL,9.57,31.0,55.86,NULL
661,Perm,Russia,35.34,53.08,43.86,28.10,33.46,10.29,44.09,62.62,90.16
662,Petrozavodsk,Russia,NULL,65.58,100.0,NULL,NULL,NULL,43.0,47.13,NULL
663,Rostovnadonu,Russia,36.79,47.48,54.01,73.85,33.74,9.09,41.0,72.07,103.67
664,Saint Petersburg,Russia,41.33,60.82,59.17,60.64,38.10,17.25,48.37,62.36,104.00
665,Samara,Russia,34.83,63.34,45.96,41.31,36.44,10.88,41.89,60.1,102.22
666,Saratov,Russia,26.06,52.52,26.74,52.30,32.44,12.44,40.27,82.76,73.82
667,Sevastopol,Russia,NULL,66.06,58.89,78.26,NULL,18.39,17.71,46.12,NULL
668,Simferopol,Russia,NULL,63.53,49.07,NULL,NULL,12.30,30.4,79.17,NULL
669,Smolensk,Russia,NULL,67.85,52.88,NULL,NULL,10.64,30.0,60.92,NULL
670,Sochi,Russia,NULL,65.35,46.54,91.70,NULL,22.99,40.75,33.49,NULL
671,Stavropol,Russia,39.44,65.05,58.89,71.68,29.87,8.66,26.5,23.89,154.92
672,Taganrog,Russia,NULL,69.98,50.0,NULL,NULL,4.86,21.5,59.77,NULL
673,Tolyatti Togliatti,Russia,NULL,62.58,47.5,38.13,NULL,6.76,27.0,65.96,NULL
674,Tyumen,Russia,39.84,58.66,64.19,22.44,33.00,10.86,34.8,44.57,117.15
675,Ufa,Russia,37.21,47.06,58.58,28.12,33.98,11.16,40.35,85.39,79.56
676,Ulyanovsk,Russia,27.05,42.94,40.28,NULL,35.04,10.23,14.0,47.84,NULL
677,Vladivostok,Russia,32.32,55.49,53.57,23.94,43.57,16.71,40.71,70.86,81.42
678,Volgograd,Russia,NULL,47.07,41.11,56.06,NULL,10.67,30.94,79.38,NULL
679,Vologda,Russia,NULL,100.0,44.44,NULL,NULL,NULL,22.5,37.93,NULL
680,Voronezh,Russia,35.61,59.06,47.31,57.69,35.34,11.62,34.33,71.51,101.94
681,Yakutsk,Russia,66.20,80.65,61.11,-12.15,40.25,8.30,35.0,66.67,112.93
682,Yekaterinburg,Russia,56.24,53.23,50.88,21.33,34.84,8.85,38.37,75.94,94.43
683,Yuzhnosakhalinsk,Russia,NULL,54.04,36.11,23.15,NULL,13.47,20.0,95.98,NULL
684,Kigali,Rwanda,26.63,75.2,68.82,99.74,31.90,210.56,16.0,45.91,0.00
685,Georgetown,Saint Vincent And The Grenadines,18.10,29.24,35.71,65.81,48.14,36.75,52.0,66.84,45.96
686,Ad Dammam,Saudi Arabia,93.44,69.73,61.4,27.34,47.29,3.34,29.0,60.53,142.98
687,Al Khobar,Saudi Arabia,92.97,87.42,69.44,27.72,57.84,3.33,23.8,58.28,158.05
688,Alkhubar,Saudi Arabia,NULL,82.76,48.61,30.69,NULL,NULL,31.67,31.72,NULL
689,Buraydah,Saudi Arabia,114.24,87.35,41.67,28.67,42.92,0.76,20.0,40.23,173.72
690,Jeddah Jiddah,Saudi Arabia,78.19,70.88,58.72,66.17,52.12,3.15,28.71,68.18,144.09
691,Jubail,Saudi Arabia,85.71,74.31,51.92,27.28,50.62,6.93,20.22,64.68,136.07
692,Medina,Saudi Arabia,82.14,90.79,44.51,26.18,52.81,2.11,24.5,79.8,131.94
693,Riyadh,Saudi Arabia,91.82,73.25,64.55,44.45,52.59,2.77,30.01,64.58,147.91
694,Dakar,Senegal,23.03,57.63,50.64,85.64,50.77,115.65,25.0,96.36,0.00
695,Saintlouis,Senegal,144.63,29.47,80.43,74.75,66.87,1.61,27.23,39.04,181.74
696,Belgrade,Serbia,36.78,61.87,54.08,84.14,39.51,20.61,35.91,64.95,109.51
697,Cuprija,Serbia,33.12,58.82,64.58,81.60,28.35,7.85,5.0,56.25,145.01
698,Jagodina,Serbia,NULL,59.06,60.0,81.53,NULL,12.73,25.0,70.44,NULL
699,Novi Sad,Serbia,43.13,59.06,50.83,84.02,37.07,14.79,16.41,50.71,134.61
700,Stara Pazova,Serbia,38.75,62.5,34.26,NULL,36.99,9.98,10.0,53.45,NULL
701,Victoria,Seychelles,19.64,51.47,60.19,67.83,70.17,16.08,29.33,33.1,120.44
702,Victoria,Seychelles,89.68,63.95,69.88,92.52,73.33,7.97,28.47,14.62,187.35
703,Singapore,Singapore,91.15,72.4,71.09,57.45,83.09,17.52,41.14,33.31,151.65
704,Bratislava,Slovakia,62.35,69.67,57.5,80.72,48.80,14.47,30.67,40.9,147.73
705,Kosice,Slovakia,51.56,70.89,63.63,75.54,47.49,12.24,20.56,47.43,147.81
706,Poprad,Slovakia,NULL,77.5,52.78,58.10,NULL,10.59,18.75,10.31,NULL
707,Presov,Slovakia,56.58,61.74,57.64,75.15,39.02,8.89,23.0,40.8,150.11
708,Ljubljana,Slovenia,59.98,78.55,66.3,76.11,57.02,13.04,27.55,23.21,167.16
709,Mogadishu,Somalia,NULL,37.0,42.97,67.29,NULL,502.25,25.0,58.34,NULL
710,Bloemfontein,South Africa,86.14,27.65,58.52,77.85,42.31,9.65,18.57,67.58,129.41
711,Cape Town,South Africa,78.78,26.45,70.5,98.19,39.74,5.65,42.76,38.94,148.70
712,Durban,South Africa,75.39,19.43,57.71,95.61,37.44,3.23,26.11,53.07,139.42
713,East London,South Africa,NULL,26.15,68.06,98.61,NULL,NULL,28.33,50.64,NULL
714,George,South Africa,NULL,46.56,75.46,98.05,NULL,NULL,15.33,9.05,NULL
715,Hermanus,South Africa,NULL,66.18,89.58,NULL,NULL,NULL,20.0,0.0,NULL
716,Johannesburg,South Africa,71.87,19.3,60.42,91.38,43.29,3.14,40.72,61.14,124.43
717,Port Elizabeth,South Africa,NULL,23.88,62.86,98.81,NULL,3.49,31.31,34.43,NULL
718,Pretoria,South Africa,86.92,18.03,66.48,95.83,41.52,2.08,45.51,56.34,135.77
719,Busan,South Korea,77.36,74.51,93.4,79.22,68.63,10.69,33.25,57.83,159.23
720,Seoul,South Korea,78.35,73.93,82.33,68.39,77.58,30.79,42.14,58.75,125.26
721,Ulsan,South Korea,83.27,64.28,62.5,81.07,76.73,31.31,7.0,67.94,129.70
722,Almeria,Spain,66.76,49.95,41.67,96.31,49.85,5.66,11.5,40.52,157.04
723,Badajoz,Spain,NULL,87.87,87.5,91.93,NULL,5.39,12.5,22.49,NULL
724,Barakaldo,Spain,NULL,55.39,71.3,NULL,NULL,11.80,28.0,33.62,NULL
725,Barcelona,Spain,69.51,52.56,77.74,95.73,60.69,11.54,30.04,66.16,140.35
726,Bilbao,Spain,64.65,48.27,87.76,95.65,63.36,11.62,33.14,32.18,161.00
727,Canary Islands,Spain,NULL,56.09,87.5,98.89,NULL,5.04,30.0,75.86,NULL
728,Cartagena,Spain,29.30,50.68,51.85,55.95,29.50,23.81,30.0,58.97,95.38
729,Cordoba,Spain,NULL,73.75,78.7,80.10,NULL,2.53,21.33,16.95,NULL
730,Cordoba,Spain,NULL,39.84,70.13,99.95,NULL,7.93,33.0,72.3,NULL
731,Corunna,Spain,67.76,84.64,80.45,97.21,53.94,8.41,21.0,33.65,187.27
732,Cuenca,Spain,30.43,60.13,82.21,98.36,34.28,13.11,35.2,43.91,144.50
733,Denia,Spain,NULL,66.54,80.42,95.37,NULL,5.41,25.0,29.31,NULL
734,Gijon,Spain,63.71,84.38,84.44,96.63,56.43,8.04,26.33,42.97,178.16
735,Granada,Spain,81.66,70.86,73.17,86.55,51.64,7.62,23.3,40.2,174.98
736,Guadalajara,Spain,35.17,38.69,79.79,92.83,32.53,8.44,40.72,62.82,122.34
737,Huelva,Spain,NULL,74.82,68.06,95.70,NULL,5.34,28.0,64.43,NULL
738,Jerez De La Frontera,Spain,NULL,60.83,86.11,91.71,NULL,5.12,12.0,41.38,NULL
739,La Linea De La Concepcion,Spain,72.68,40.9,47.22,98.57,48.87,5.67,15.0,73.95,133.91
740,Leon,Spain,79.39,71.81,86.81,77.29,54.05,5.32,28.0,26.96,185.45
741,Leon,Spain,NULL,31.92,72.64,37.94,NULL,4.55,37.67,58.56,NULL
742,Madrid,Spain,73.40,70.51,79.61,85.47,57.83,11.53,35.35,51.97,155.32
743,Malaga,Spain,67.19,72.68,73.48,96.98,51.92,9.86,23.5,31.25,177.30
744,Marbella,Spain,60.07,61.35,77.48,96.50,60.83,12.15,19.0,18.56,177.76
745,Oviedo,Spain,81.75,83.9,92.22,96.54,57.36,6.54,25.0,25.63,201.86
746,Pamplona,Spain,76.15,88.43,86.52,88.82,60.34,10.16,18.0,0.86,213.12
747,Pontevedra,Spain,NULL,62.87,86.11,96.09,NULL,6.66,20.0,7.47,NULL
748,Puerto De La Cruz,Spain,NULL,64.71,21.67,98.73,NULL,8.85,30.0,25.0,NULL
749,San Sebastian,Spain,74.02,90.97,94.44,96.56,65.72,12.72,28.5,16.87,200.27
750,Santander,Spain,73.64,76.35,91.67,96.60,56.55,6.74,17.5,18.47,203.04
751,Santiago De Compostela,Spain,56.55,83.86,76.21,94.25,48.61,12.25,15.5,13.22,192.78
752,Valencia,Spain,69.68,75.18,80.61,93.84,52.29,7.48,29.35,44.45,171.96
753,Vigo,Spain,75.06,80.56,73.29,96.17,52.91,8.97,20.8,19.39,194.09
754,Zaragoza Saragossa,Spain,67.67,79.94,78.01,90.20,54.43,8.18,14.43,36.22,183.33
755,Colombo,Sri Lanka,18.83,59.5,71.87,59.11,32.80,48.44,62.17,60.41,62.66
756,Khartoum,Sudan,5.86,63.78,46.78,32.95,43.57,38.44,42.0,74.83,50.25
757,Paramaribo,Suriname,16.59,46.42,43.14,64.25,48.40,9.83,33.0,52.13,102.59
758,Manzini,Swaziland,NULL,93.38,52.78,97.00,NULL,NULL,48.5,30.17,NULL
759,Mbabane,Swaziland,NULL,69.19,63.89,97.81,NULL,1.48,13.5,19.83,NULL
760,Gothenburg,Sweden,99.26,51.79,69.14,77.49,74.11,9.08,25.55,20.7,176.02
761,Helsingborg,Sweden,100.88,44.25,90.97,78.69,67.65,7.34,19.0,52.84,166.26
762,Hssleholm,Sweden,NULL,100.0,91.67,NULL,NULL,6.85,85.0,0.0,NULL
763,Kalmar,Sweden,69.04,58.49,84.72,75.14,71.54,5.80,13.0,15.52,186.00
764,Karlskrona,Sweden,NULL,59.83,20.83,73.94,NULL,NULL,33.0,3.45,NULL
765,Nykping,Sweden,NULL,93.75,75.0,68.63,NULL,23.70,100.0,27.59,NULL
766,Solna,Sweden,NULL,63.28,66.67,69.59,NULL,11.73,29.0,41.95,NULL
767,Stockholm,Sweden,90.99,54.15,66.37,69.67,79.32,13.11,35.38,19.48,161.53
768,Sundsvall,Sweden,NULL,60.84,76.85,46.71,NULL,3.46,13.0,17.39,NULL
769,Umea,Sweden,85.52,70.62,89.08,43.24,73.94,6.75,24.25,2.18,191.84
770,Geneva,Switzerland,116.24,73.36,73.95,82.61,117.46,9.52,25.49,24.16,190.18
771,Zurich,Switzerland,128.69,83.25,74.43,81.48,128.76,7.93,34.03,18.0,200.22
772,Aleppo,Syria,NULL,24.88,41.67,90.08,NULL,79.58,37.0,75.69,NULL
773,Damascus,Syria,5.18,32.15,35.6,70.11,36.08,100.74,41.67,67.56,0.00
774,Tartus,Syria,7.18,69.51,80.56,95.54,27.17,45.72,24.4,94.83,77.84
775,Kaohsiung,Taiwan,53.30,76.0,86.62,78.82,62.67,12.92,26.64,78.65,135.30
776,Tainan,Taiwan,49.00,84.41,90.08,NULL,83.36,17.12,18.33,70.4,NULL
777,Taipei,Taiwan,59.64,86.67,87.42,84.38,65.76,32.98,33.9,50.11,140.37
778,Taoyuan,Taiwan,69.28,85.02,76.92,NULL,58.47,13.58,36.67,46.55,NULL
779,Dushanbe,Tajikistan,15.21,53.31,35.19,75.22,26.07,15.12,27.0,60.3,100.46
780,Mwanza,Tanzania,NULL,71.32,69.44,98.77,NULL,NULL,55.0,55.0,NULL
781,Bangkok,Thailand,30.29,58.27,77.08,58.39,48.47,26.77,46.18,77.22,85.36
782,Chiang Mai,Thailand,29.78,76.5,83.81,75.93,41.23,16.59,25.75,77.08,124.02
783,Hat Yai,Thailand,NULL,82.72,75.0,59.83,NULL,8.22,10.0,31.03,NULL
784,Khon Kaen,Thailand,NULL,72.06,67.78,69.73,NULL,12.93,10.0,62.05,NULL
785,Koh Samui,Thailand,NULL,60.7,83.33,53.87,NULL,5.98,28.0,86.49,NULL
786,Phuket,Thailand,27.21,55.06,74.25,68.52,43.43,18.78,36.36,50.34,116.08
787,Si Sa Ket,Thailand,NULL,63.24,55.56,62.02,NULL,NULL,30.0,34.48,NULL
788,Surin,Thailand,NULL,36.76,72.22,68.52,NULL,NULL,45.0,37.93,NULL
789,Dili,Timorleste,10.64,57.37,54.58,NULL,54.65,63.24,25.0,62.96,NULL
790,Chaguanas,Trinidad And Tobago,NULL,25.82,66.67,66.25,NULL,11.23,33.33,88.45,NULL
791,San Juan,Trinidad And Tobago,67.23,30.98,63.45,71.25,69.68,5.54,37.46,50.83,126.38
792,Al Marsa,Tunisia,23.36,71.9,64.81,93.80,32.24,12.16,29.5,24.78,155.83
793,Ben Arous,Tunisia,39.69,45.89,47.41,93.17,25.29,9.29,95.0,57.47,91.21
794,Djerba,Tunisia,NULL,73.04,70.83,94.49,NULL,8.73,18.5,58.47,NULL
795,Gabes,Tunisia,26.44,61.15,52.78,88.15,27.97,31.33,25.0,97.19,80.22
796,Jendouba,Tunisia,NULL,21.32,25.0,85.29,NULL,2.67,0.0,51.72,NULL
797,Sfax,Tunisia,27.18,62.72,44.44,94.52,25.17,12.76,20.0,96.03,102.22
798,Sousse,Tunisia,29.54,48.35,64.58,95.79,27.75,11.17,26.25,69.71,120.21
799,Tunis,Tunisia,24.46,52.2,54.14,93.24,29.89,14.89,37.88,72.62,103.39
800,Adana,Turkey,NULL,49.03,78.54,88.99,NULL,6.82,27.89,33.55,NULL
801,Alanya,Turkey,NULL,78.28,97.22,NULL,NULL,9.53,12.25,17.82,NULL
802,Ankara,Turkey,37.75,60.49,69.1,91.49,21.78,8.39,36.35,65.4,131.14
803,Antalya,Turkey,35.21,74.08,76.35,91.52,21.58,11.47,32.96,39.88,155.47
804,Bursa,Turkey,34.18,71.9,78.58,93.39,21.96,7.40,33.0,44.54,156.39
805,Fethiye,Turkey,NULL,76.36,87.96,NULL,NULL,10.62,20.0,18.97,NULL
806,Gaziantep,Turkey,NULL,61.58,66.67,73.21,NULL,6.87,16.0,63.32,NULL
807,Isparta,Turkey,NULL,92.65,66.67,NULL,NULL,5.83,80.0,67.82,NULL
808,Istanbul,Turkey,30.91,52.71,69.26,93.02,23.32,13.32,52.51,69.14,109.43
809,Istanbul,Turkey,30.91,52.71,69.26,93.02,23.32,13.32,52.51,69.14,109.43
810,Izmir,Turkey,35.99,70.13,72.73,96.88,21.56,11.73,39.5,59.12,137.80
811,Kahramanmaras,Turkey,NULL,67.65,88.89,74.02,NULL,4.34,15.0,89.66,NULL
812,Kayseri,Turkey,37.97,74.32,55.95,65.66,21.81,5.10,23.0,73.56,128.79
813,Malatya,Turkey,NULL,69.26,75.0,66.36,NULL,3.97,37.5,69.83,NULL
814,Mersin,Turkey,46.86,58.94,62.36,NULL,18.63,4.45,15.0,40.0,NULL
815,Samsun,Turkey,NULL,68.98,68.4,90.31,NULL,3.33,34.11,69.81,NULL
816,Trabzon,Turkey,NULL,83.55,89.35,93.56,NULL,5.87,7.5,58.43,NULL
817,Yalova,Turkey,NULL,64.54,52.78,NULL,NULL,NULL,37.5,46.91,NULL
818,Ashgabat,Turkmenistan,11.84,63.5,50.0,64.68,132.36,22.34,15.8,38.36,109.00
819,Kampala,Uganda,9.26,45.36,47.51,98.41,34.97,"1,484.08",42.64,90.14,0.00
820,Kharkiv,Ukraine,33.19,51.84,47.5,65.35,31.27,10.49,37.82,56.09,110.06
821,Lugansk,Ukraine,NULL,13.9,61.57,64.91,NULL,NULL,25.0,43.1,NULL
822,Lviv,Ukraine,37.08,60.46,59.12,69.61,30.86,11.07,33.22,51.77,126.63
823,Mariupol,Ukraine,NULL,68.77,50.0,NULL,NULL,NULL,30.0,91.09,NULL
